{"top1": [0.98, 0.98, 0.98, 0.96, 0.96, 1.0, 0.98, 0.96, 0.96, 0.98, 0.98, 0.96, 0.98, 0.98, 0.96, 0.98, 0.98, 0.96, 0.98, 0.98, 0.92, 0.98, 0.94, 0.98, 0.98, 1.0, 0.96, 0.96, 0.98, 0.96], "top5": [0.968, 0.952, 0.976, 0.956, 0.964, 0.96, 0.96, 0.972, 0.964, 0.964, 0.964, 0.964, 0.956, 0.96, 0.968, 0.976, 0.976, 0.936, 0.94, 0.96, 0.96, 0.968, 0.948, 0.964, 0.968, 0.964, 0.956, 0.968, 0.956, 0.94], "top10": [0.964, 0.944, 0.952, 0.95, 0.966, 0.958, 0.954, 0.946, 0.952, 0.952, 0.954, 0.956, 0.954, 0.958, 0.95, 0.96, 0.958, 0.944, 0.946, 0.962, 0.938, 0.954, 0.954, 0.954, 0.956, 0.954, 0.944, 0.962, 0.958, 0.932], "kendal": [0.8402557311462292, 0.8348496899379876, 0.8409691538307662, 0.8416038407681536, 0.8345062612522505, 0.8389623524704941, 0.844328225645129, 0.8383468693738747, 0.8356135227045409, 0.8379199039807962, 0.8385045009001801, 0.8335275055011002, 0.8448268853770755, 0.840553550710142, 0.8360606521304261, 0.8341893978795759, 0.8339541508301661, 0.8120028805761152, 0.8336209641928386, 0.8463491098219644, 0.8091794358871774, 0.8343455891178236, 0.830082976595319, 0.8348312862572514, 0.8418685337067414, 0.8371463092618524, 0.8203312662532507, 0.8376678535707142, 0.8403994398879776, 0.8112665733146629], "time": [0.363008975982666, 0.3724069595336914, 0.3576388359069824, 0.359295129776001, 0.3506340980529785, 0.38768839836120605, 0.3881490230560303, 0.35338878631591797, 0.3758578300476074, 0.3719482421875, 0.4012572765350342, 0.36470627784729004, 0.36359429359436035, 0.3597276210784912, 0.3777482509613037, 0.4111061096191406, 0.389254093170166, 0.37511587142944336, 0.38623905181884766, 0.38509607315063477, 0.3859579563140869, 0.3619651794433594, 0.3714432716369629, 0.37159037590026855, 0.3706672191619873, 0.36547160148620605, 0.3916754722595215, 0.40010929107666016, 0.3991985321044922, 0.3880772590637207]}