{"top1": [0.98, 0.96, 0.98, 0.96, 0.96, 1.0, 0.98, 0.98, 0.96, 0.98, 0.98, 0.96, 0.98, 0.98, 0.96, 0.98, 0.98, 0.96, 0.96, 0.98, 0.92, 0.98, 0.94, 0.98, 0.98, 1.0, 0.94, 0.96, 0.98, 0.96], "top5": [0.972, 0.96, 0.976, 0.96, 0.968, 0.964, 0.956, 0.968, 0.968, 0.968, 0.968, 0.968, 0.96, 0.96, 0.968, 0.98, 0.98, 0.94, 0.944, 0.96, 0.96, 0.968, 0.952, 0.964, 0.968, 0.964, 0.96, 0.968, 0.968, 0.944], "top10": [0.968, 0.948, 0.958, 0.954, 0.964, 0.966, 0.956, 0.948, 0.952, 0.956, 0.964, 0.962, 0.956, 0.964, 0.954, 0.96, 0.962, 0.944, 0.95, 0.962, 0.944, 0.956, 0.96, 0.954, 0.958, 0.958, 0.946, 0.966, 0.968, 0.94], "kendal": [0.8713659531906381, 0.8456200040008002, 0.8600596919383877, 0.8563327065413082, 0.8481512302460492, 0.8548485697139429, 0.8625038607721545, 0.8521422684536908, 0.8582546909381876, 0.8576776155231046, 0.8628760952190437, 0.8510961392278457, 0.8751420684136827, 0.8687135827165433, 0.8510886177235447, 0.8520536107221444, 0.8555472694538908, 0.8270900580116023, 0.8465904380876176, 0.8681545909181836, 0.8196858571714343, 0.8581353070614124, 0.8477369073814763, 0.865970474094819, 0.8641417883576715, 0.855761072214443, 0.8287359871974395, 0.8630364472894579, 0.8598820564112822, 0.8187354270854171], "time": [0.5089166164398193, 0.42978453636169434, 0.41962265968322754, 0.4065239429473877, 0.3753323554992676, 0.40230679512023926, 0.39154577255249023, 0.42479968070983887, 0.3887748718261719, 0.3929603099822998, 0.3726975917816162, 0.3920481204986572, 0.36664390563964844, 0.39781641960144043, 0.39455175399780273, 0.41291069984436035, 0.40467333793640137, 0.39431095123291016, 0.40303611755371094, 0.4158439636230469, 0.3999638557434082, 0.44002223014831543, 0.44248056411743164, 0.39624667167663574, 0.4155852794647217, 0.40850138664245605, 0.42582178115844727, 0.4314546585083008, 0.43837976455688477, 0.458249568939209]}