{"mse": [6.173565024729264e-07, 2.6237497192261345e-07, 2.0117829528389086e-07, 1.813161428653399e-07, 1.6548613731835008e-07, 1.8317408562935415e-07, 1.732330871500365e-07, 1.6530734334665023e-07, 1.5297863236234476e-07, 1.4266746590769079e-07, 1.3628097920066727e-07, 1.3945526221782034e-07, 1.2034439058280406e-07, 1.3789897616347238e-07, 1.1846077339496487e-07, 1.185309483180655e-07, 1.0797587784934818e-07, 1.0998556739861987e-07, 1.0754483862825317e-07, 1.0674742385881673e-07, 1.0371229713985517e-07, 1.0334170247031365e-07, 9.874742128952949e-08, 9.797257903322994e-08, 9.860637500356667e-08, 9.790731000190146e-08, 9.358232960712796e-08, 9.513891811603987e-08, 9.359698727868426e-08, 9.228409727005131e-08, 9.137816519179382e-08, 9.286285742563928e-08, 9.944147226817988e-08, 9.023236247988989e-08, 9.245459467510917e-08, 8.969145103391949e-08, 9.509186685411852e-08, 8.823166058543921e-08, 9.669985052557874e-08, 9.185226314097914e-08, 8.981010715826803e-08, 9.181478709896568e-08, 9.600536923934738e-08, 9.77333228623664e-08, 8.758019504597922e-08, 9.651744656733052e-08, 1.0436292618911657e-07, 9.978996097760387e-08, 9.702708258608086e-08, 9.660581050242945e-08, 9.885130509055127e-08, 8.91960903373297e-08, 8.696903365582977e-08, 8.682121118976097e-08, 8.730475150712278e-08, 8.155560962288845e-08, 9.822966904365954e-08, 8.337914031642934e-08, 8.638126296584482e-08, 8.63265454912507e-08, 8.362843968126872e-08, 8.696763847414936e-08, 8.073019645089491e-08, 9.219944032631301e-08, 9.293798820820152e-08, 9.80086889020957e-08, 8.564299678559834e-08, 8.155512692945887e-08, 1.0758289779351025e-07, 8.697690622413629e-08, 9.219214956918312e-08, 8.659392743494312e-08, 8.49344303170811e-08, 8.762046252399407e-08, 9.79491013258711e-08, 7.988246273614791e-08, 8.125175798976591e-08, 8.215534532708359e-08, 8.824500189437686e-08, 9.554541364057031e-08, 9.364022360036924e-08, 8.180414868038075e-08, 9.144507560492057e-08, 9.751650690823337e-08, 1.0169948799120004e-07, 8.294893311277256e-08, 9.559046896590248e-08, 9.078341910812894e-08, 9.138808206122642e-08, 9.513745383924453e-08, 8.626942217803669e-08, 8.686261929530334e-08, 9.447127797673301e-08, 8.156719747259109e-08, 9.267839167749293e-08, 7.904442098273323e-08, 9.669052152538805e-08, 8.653202468401406e-08, 8.61841074955878e-08, 8.365560261943742e-08], "top1": [0.91995, 0.94085, 0.94855, 0.9548, 0.95845, 0.9601, 0.96175, 0.96275, 0.96295, 0.9637, 0.9643, 0.9646, 0.9647, 0.96465, 0.96495, 0.9651, 0.9657, 0.96605, 0.96635, 0.9665, 0.9664, 0.9665, 0.96665, 0.9671, 0.96775, 0.96795, 0.968, 0.9683, 0.9681, 0.9683, 0.96865, 0.969, 0.969, 0.9691, 0.969, 0.9687, 0.96935, 0.96905, 0.96895, 0.96915, 0.9694, 0.9692, 0.9692, 0.9692, 0.9694, 0.96925, 0.96955, 0.96965, 0.97005, 0.96955, 0.96935, 0.9698, 0.97015, 0.9699, 0.96985, 0.97, 0.97015, 0.97015, 0.9701, 0.9699, 0.97005, 0.97045, 0.9702, 0.97035, 0.9703, 0.9704, 0.9705, 0.97025, 0.9703, 0.9705, 0.97055, 0.9704, 0.97065, 0.97055, 0.97075, 0.97075, 0.97085, 0.97105, 0.97095, 0.9708, 0.9709, 0.97075, 0.9707, 0.97145, 0.97165, 0.9711, 0.9715, 0.97165, 0.9713, 0.97155, 0.97175, 0.9718, 0.97165, 0.97165, 0.9718, 0.9717, 0.97175, 0.97145, 0.9717, 0.97185], "top5": [0.9433199999999197, 0.9557199999999304, 0.9622599999999384, 0.9647699999999415, 0.9662599999999433, 0.9670399999999448, 0.9678199999999455, 0.968329999999947, 0.9686899999999472, 0.9691099999999478, 0.9693699999999479, 0.9698299999999487, 0.9702099999999493, 0.9704299999999497, 0.9707899999999505, 0.9709599999999508, 0.971379999999951, 0.9716899999999521, 0.971989999999952, 0.9720799999999523, 0.9722399999999523, 0.9725799999999525, 0.9728999999999527, 0.9728599999999529, 0.9728999999999529, 0.9733099999999535, 0.9736199999999536, 0.973559999999954, 0.9738599999999545, 0.9739999999999543, 0.974089999999955, 0.9741499999999547, 0.974209999999955, 0.9741899999999547, 0.9743599999999557, 0.9744999999999558, 0.9744599999999557, 0.9745699999999555, 0.9746499999999558, 0.9747799999999559, 0.9747499999999555, 0.9748799999999561, 0.9749499999999561, 0.9749799999999564, 0.9751899999999563, 0.975019999999956, 0.974909999999956, 0.9749799999999561, 0.9751099999999561, 0.9752499999999562, 0.9751399999999563, 0.9753299999999563, 0.9754499999999565, 0.9753499999999568, 0.9753599999999567, 0.9755499999999567, 0.9753199999999566, 0.9754799999999568, 0.9754299999999568, 0.9754999999999571, 0.9757499999999573, 0.9757099999999569, 0.975829999999957, 0.9755599999999571, 0.9758299999999573, 0.9758999999999572, 0.9758799999999576, 0.9758699999999573, 0.9758699999999575, 0.9759399999999576, 0.9759799999999573, 0.9759299999999573, 0.9760599999999573, 0.9760299999999575, 0.9760799999999575, 0.9759099999999573, 0.9762199999999579, 0.976249999999958, 0.9763099999999578, 0.9760799999999579, 0.9762399999999579, 0.9762599999999578, 0.9761399999999582, 0.9761199999999579, 0.976249999999958, 0.9764399999999583, 0.9763199999999579, 0.976299999999958, 0.9763199999999582, 0.976379999999958, 0.9763799999999581, 0.9764599999999586, 0.9763699999999584, 0.9765699999999587, 0.9764599999999583, 0.9765299999999585, 0.9763899999999583, 0.9765599999999586, 0.9763999999999585, 0.9766599999999588], "top10": [0.9376049999999503, 0.9539249999999687, 0.9595549999999786, 0.961119999999981, 0.9617649999999798, 0.9621049999999798, 0.962809999999981, 0.963389999999982, 0.9639449999999832, 0.9643749999999831, 0.9649049999999847, 0.9651299999999835, 0.9657899999999854, 0.9657949999999853, 0.9661999999999858, 0.9666499999999858, 0.9667699999999871, 0.9668849999999863, 0.9671799999999868, 0.9674899999999872, 0.9676449999999872, 0.9680099999999887, 0.9683399999999898, 0.9685549999999892, 0.9685349999999892, 0.9689699999999901, 0.9692799999999916, 0.9692499999999902, 0.9694049999999914, 0.9693299999999903, 0.9695299999999902, 0.9696099999999915, 0.9695599999999913, 0.969724999999992, 0.9697799999999918, 0.969884999999992, 0.9698799999999914, 0.969994999999991, 0.9699349999999911, 0.9700999999999919, 0.9702899999999921, 0.9701699999999913, 0.9703299999999917, 0.9703349999999921, 0.9704899999999926, 0.9704099999999926, 0.9702449999999928, 0.970374999999992, 0.970564999999993, 0.9705899999999927, 0.9704549999999926, 0.9706399999999928, 0.9707599999999927, 0.9707549999999928, 0.970719999999993, 0.9707449999999926, 0.9706749999999931, 0.9707999999999929, 0.9708399999999925, 0.9708199999999928, 0.9709099999999926, 0.9709699999999928, 0.9709049999999925, 0.9707699999999934, 0.9709249999999925, 0.9708449999999927, 0.9709449999999926, 0.9710799999999931, 0.9709049999999936, 0.9710749999999932, 0.9710049999999933, 0.9711899999999927, 0.9712149999999925, 0.9712099999999928, 0.9710849999999931, 0.9714249999999933, 0.9713549999999926, 0.9713749999999932, 0.9713449999999936, 0.9712849999999936, 0.971254999999993, 0.9712599999999935, 0.9714149999999934, 0.9713249999999931, 0.9714649999999927, 0.9716549999999936, 0.971494999999993, 0.971419999999993, 0.9715249999999939, 0.9715849999999933, 0.9715599999999935, 0.971654999999993, 0.9716499999999937, 0.9718299999999935, 0.9717049999999936, 0.9717249999999944, 0.9716399999999936, 0.9718149999999941, 0.9717699999999946, 0.9718649999999946],