{"bce": [0.3362124651158075, 0.21763346247819085, 0.1714300582424399, 0.14817551920160116, 0.13538792999739596, 0.12567973214836956, 0.12010657910371053, 0.11598587386575944, 0.11385167645858592, 0.11107046333317003, 0.11084992104775149, 0.1097367952222691, 0.10732055572736897, 0.10598234676862973, 0.10769633862686517, 0.10559307962543706, 0.10471129017411954, 0.10497361909503332, 0.10351494600652629, 0.10468685363376899, 0.10550155098919708, 0.10377289711101903, 0.10305212699291176, 0.10328692763283293, 0.10281757969561946, 0.10197406548642715, 0.10235149330748902, 0.10240685158497997, 0.10204034815362542, 0.10094219072915162, 0.10108861682630364, 0.10196868974954425, 0.10250565619991588, 0.10093675864153026, 0.10089211612139648, 0.10019656392373565, 0.10030921640815661, 0.10174271042014986, 0.10018414596788448, 0.10020571156493116, 0.10007732525284076, 0.10236686279185904, 0.09975954742764971, 0.10047461268985272, 0.09905701926988465, 0.09928715293493845, 0.10011519724424267, 0.09979095236081079, 0.10024071212010313, 0.0997795801369484, 0.09897505211727171, 0.09916688419952727, 0.09882512284704323, 0.09936142819708484, 0.09930346896383933, 0.0989407735703464, 0.09844719759174676, 0.09874023253780169, 0.09967303011543144, 0.09876839535545244, 0.09802188481053634, 0.099742710981954, 0.09797154685962003, 0.09848412163846051, 0.10042663347144773, 0.09805041132675087, 0.0991775337133023, 0.09769380068852776, 0.09784079812188726, 0.09765937854013311, 0.09804372640363497, 0.09755420378260804, 0.09832931070910711, 0.09753340940456794, 0.09870568540773685, 0.0974292779465414, 0.09764254045749969, 0.09813656497120142, 0.09733527614686091, 0.09745337170717185, 0.09711825913397588, 0.09735829114460438, 0.09710535611331161, 0.09764059165810096, 0.09745337810140504, 0.0974509297991054, 0.09737530351707609, 0.09757958393594214, 0.09687424436768086, 0.09821686793649438, 0.09708547454628975, 0.09704820272231028, 0.09751312691435153, 0.09807476751642166, 0.09785628355272885, 0.09675282069482351, 0.09695819840312199, 0.09735929046359895, 0.09661784287083489, 0.09683059335717445], "top1": [0.0018, 0.03355, 0.04625, 0.09975, 0.18985, 0.27105, 0.35165, 0.36285, 0.4786, 0.5024, 0.4957, 0.573, 0.6311, 0.7136, 0.71065, 0.83755, 0.82315, 0.8359, 0.86075, 0.88705, 0.8567, 0.879, 0.89895, 0.86295, 0.92165, 0.8903, 0.8942, 0.9266, 0.92565, 0.929, 0.93365, 0.93195, 0.9225, 0.93225, 0.92075, 0.94005, 0.93655, 0.93995, 0.9421, 0.9463, 0.94265, 0.94435, 0.9425, 0.94965, 0.949, 0.95485, 0.93625, 0.9553, 0.9564, 0.94925, 0.95775, 0.94465, 0.9494, 0.95445, 0.9433, 0.95285, 0.94925, 0.95265, 0.96125, 0.95265, 0.9582, 0.9542, 0.95165, 0.95515, 0.9544, 0.95475, 0.95855, 0.95575, 0.9586, 0.96715, 0.96215, 0.9606, 0.96375, 0.9617, 0.96075, 0.96605, 0.95845, 0.9611, 0.9612, 0.96565, 0.962, 0.9629, 0.9661, 0.9644, 0.96345, 0.96945, 0.9671, 0.96375, 0.96875, 0.9616, 0.96775, 0.96255, 0.96785, 0.96945, 0.96465, 0.9647, 0.9693, 0.96695, 0.96975, 0.97015], "top5": [0.48861000000000193, 0.7304499999999996, 0.8372699999999721, 0.8870799999999229, 0.9187199999999152, 0.9389399999999174, 0.9500799999999248, 0.9562699999999313, 0.9616499999999365, 0.9643099999999416, 0.9596199999999351, 0.9641999999999401, 0.9692599999999467, 0.9731999999999532, 0.9667799999999442, 0.9736299999999541, 0.9749199999999554, 0.9737699999999537, 0.9751399999999565, 0.9746699999999561, 0.9700699999999488, 0.9742199999999553, 0.9758999999999575, 0.973139999999953, 0.9771399999999588, 0.9758899999999574, 0.9768999999999589, 0.9771699999999593, 0.9771499999999597, 0.9779399999999605, 0.9778199999999603, 0.9760699999999582, 0.9746499999999558, 0.97791999999996, 0.9770799999999595, 0.9787499999999618, 0.9770599999999593, 0.9771099999999596, 0.9782699999999617, 0.9785699999999619, 0.9785799999999617, 0.9763999999999587, 0.9785599999999622, 0.9782899999999614, 0.9791199999999628, 0.9790199999999626, 0.979289999999963, 0.9792899999999621, 0.9786799999999619, 0.9790799999999626, 0.9792599999999624, 0.9788499999999624, 0.9790699999999625, 0.9795099999999626, 0.9771899999999598, 0.9792299999999624, 0.9801799999999643, 0.9792199999999626, 0.9786999999999625, 0.978379999999961, 0.9799599999999642, 0.9779499999999611, 0.9796099999999631, 0.9779499999999607, 0.9769999999999595, 0.979939999999964, 0.9762799999999588, 0.979579999999963, 0.9795799999999639, 0.9790799999999623, 0.979519999999963, 0.9795599999999632, 0.9787099999999619, 0.9801299999999641, 0.9788199999999624, 0.9792399999999621, 0.9797599999999625, 0.9784099999999615, 0.9788599999999622, 0.9801699999999642, 0.980349999999964, 0.980209999999964, 0.9804399999999645, 0.9794199999999635, 0.9786299999999617, 0.9803099999999644, 0.9793499999999623, 0.9800499999999632, 0.9803199999999644, 0.9781799999999615, 0.9796599999999637, 0.9793799999999623, 0.9802499999999642, 0.980209999999964, 0.9794799999999632, 0.980329999999964, 0.9793199999999616, 0.9792499999999622, 0.9802099999999642, 0.9804399999999645], "top10": [0.8220400000000416, 0.9064499999999496, 0.9406649999999539, 0.9510899999999644, 0.9628799999999823, 0.9669149999999858, 0.9691799999999903, 0.9698899999999905, 0.970519999999991, 0.9710649999999912, 0.9689749999999904, 0.9710599999999933, 0.9725649999999952, 0.9741549999999961, 0.9704999999999935, 0.9746049999999965, 0.9744199999999968, 0.9739899999999967, 0.9749749999999967, 0.9750899999999976, 0.9724449999999956, 0.9745449999999971, 0.9753749999999974, 0.9742149999999958, 0.9752899999999972, 0.9753299999999959, 0.9751299999999965, 0.9755249999999971, 0.9756949999999973, 0.9755199999999977, 0.9752449999999963, 0.9752949999999968, 0.974134999999997, 0.9754699999999957, 0.9756549999999963, 0.9758649999999974, 0.9756599999999982, 0.9744899999999956, 0.9761949999999975, 0.9761599999999983, 0.9758699999999976, 0.974829999999997, 0.975714999999998, 0.9752399999999961, 0.9758749999999982, 0.9761049999999979, 0.9760999999999989, 0.9760749999999969, 0.9752499999999967, 0.9760849999999982, 0.9763399999999977, 0.9761549999999972, 0.9761099999999966, 0.9763749999999977, 0.9757399999999979, 0.9762449999999977, 0.9765499999999975, 0.9758199999999971, 0.9755699999999983, 0.975889999999997, 0.9764149999999987, 0.9757449999999983, 0.9765799999999968, 0.9758699999999966, 0.9741149999999968, 0.9764499999999982, 0.9738849999999946, 0.9768599999999986, 0.9766499999999989, 0.9764099999999982, 0.9764149999999984, 0.9766049999999981, 0.9754899999999971, 0.9768149999999981, 0.9758999999999977, 0.9768899999999979, 0.9768149999999987, 0.9762449999999988, 0.9769999999999996, 0.976534999999998, 0.9771099999999988, 0.9769099999999998, 0.9771799999999977, 0.9769799999999991, 0.9769599999999982, 0.9768899999999993, 0.9769549999999996, 0.9769799999999992, 0.9770400000000001, 0.9762149999999985, 0.9772349999999996, 0.9769399999999998, 0.9764699999999988, 0.9770699999999982, 0.9763999999999993, 0.9771699999999988, 0.9767499999999991, 0.9768849999999989, 0.9768299999999992, 0.9774799999999998],