{"top1": [0.98, 0.96, 0.98, 0.96, 0.98, 1.0, 0.98, 0.98, 0.96, 0.98, 0.98, 0.96, 0.98, 0.98, 0.96, 0.98, 0.98, 0.94, 0.98, 0.98, 0.92, 0.98, 0.96, 1.0, 0.98, 1.0, 0.96, 0.96, 0.98, 0.96], "top5": [0.972, 0.952, 0.964, 0.956, 0.968, 0.964, 0.968, 0.964, 0.972, 0.964, 0.96, 0.968, 0.96, 0.972, 0.976, 0.96, 0.968, 0.944, 0.952, 0.96, 0.964, 0.96, 0.944, 0.964, 0.964, 0.968, 0.968, 0.964, 0.96, 0.948], "top10": [0.962, 0.958, 0.956, 0.954, 0.97, 0.958, 0.946, 0.946, 0.96, 0.956, 0.954, 0.962, 0.958, 0.962, 0.964, 0.962, 0.958, 0.958, 0.958, 0.972, 0.958, 0.966, 0.954, 0.962, 0.958, 0.958, 0.95, 0.968, 0.97, 0.948], "kendal": [0.8252792958591718, 0.8128739347869574, 0.8138890178035607, 0.8137374674934987, 0.803418123624725, 0.8135996799359873, 0.8138877375475094, 0.811473174634927, 0.8100637727545509, 0.8236485697139427, 0.8219413482696539, 0.8049134626925385, 0.8363304660932186, 0.8209361872374475, 0.8141305061012203, 0.8074723744748951, 0.8153392278455691, 0.8030350070014003, 0.8209317063412682, 0.8258565313062612, 0.7929401880376075, 0.8185717143428686, 0.8178968593718744, 0.8185379475895179, 0.8219355871174235, 0.8093684336867374, 0.8032481696339269, 0.8166457291458292, 0.8187576715343069, 0.7981153030606121], "time": [0.4388597011566162, 0.35419631004333496, 0.33920931816101074, 0.35586118698120117, 0.31499195098876953, 0.3398590087890625, 0.328615665435791, 0.34166789054870605, 0.396716833114624, 0.46036434173583984, 0.462139368057251, 0.3320119380950928, 0.3344862461090088, 0.3259091377258301, 0.33092546463012695, 0.515322208404541, 0.7091948986053467, 0.5085923671722412, 0.3796839714050293, 0.3430349826812744, 0.43056821823120117, 0.36954164505004883, 0.3382236957550049, 0.3323705196380615, 0.32007694244384766, 0.34390783309936523, 0.33965277671813965, 0.33516407012939453, 0.34172749519348145, 0.3463292121887207]}