{"top1": [0.98, 0.96, 0.98, 0.96, 0.98, 1.0, 0.98, 0.98, 0.96, 0.98, 0.98, 0.96, 1.0, 0.98, 0.96, 0.98, 0.98, 0.94, 0.98, 0.98, 0.92, 0.98, 0.96, 1.0, 0.98, 1.0, 0.96, 0.96, 0.98, 0.96], "top5": [0.972, 0.952, 0.968, 0.956, 0.968, 0.968, 0.968, 0.968, 0.972, 0.96, 0.96, 0.968, 0.96, 0.976, 0.976, 0.964, 0.968, 0.944, 0.952, 0.96, 0.968, 0.96, 0.948, 0.964, 0.964, 0.968, 0.968, 0.964, 0.96, 0.948], "top10": [0.96, 0.958, 0.956, 0.954, 0.97, 0.96, 0.946, 0.948, 0.958, 0.956, 0.956, 0.962, 0.954, 0.962, 0.966, 0.964, 0.958, 0.96, 0.958, 0.972, 0.958, 0.964, 0.956, 0.96, 0.956, 0.96, 0.952, 0.97, 0.97, 0.948], "kendal": [0.842247649529906, 0.830667573514703, 0.8306696539307862, 0.8311783956791359, 0.8210710942188437, 0.8335683136627325, 0.8347629525905181, 0.828847849569914, 0.8292901780356071, 0.8405125825165033, 0.8410238847769553, 0.8224481696339269, 0.8515207041408281, 0.8388074414882978, 0.8305109021804361, 0.8253287457491498, 0.8344816163232647, 0.817882776555311, 0.8390465293058611, 0.8444303260652131, 0.809925025005001, 0.837997199439888, 0.8357007401480295, 0.8343147029405882, 0.8386461292258452, 0.8275127025405081, 0.8206319663932786, 0.8344771354270855, 0.8357769153830766, 0.8159838367673534], "time": [0.4220540523529053, 0.3487722873687744, 0.3255116939544678, 0.3205375671386719, 0.34796857833862305, 0.3412318229675293, 0.33130693435668945, 0.3484785556793213, 0.3404123783111572, 0.339249849319458, 0.33939433097839355, 0.34888315200805664, 0.34076762199401855, 0.3407883644104004, 0.3224480152130127, 0.3540377616882324, 0.319227933883667, 0.3280489444732666, 0.33668041229248047, 0.3377344608306885, 0.33931922912597656, 0.35956478118896484, 0.34786343574523926, 0.3607494831085205, 0.33354997634887695, 0.3304469585418701, 0.3547813892364502, 0.3465237617492676, 0.3449068069458008, 0.31659865379333496]}