{"bce": [0.6931448998946224, 0.6931448820345281, 0.6931448783850642, 0.6931448737246443, 0.6931448762787706, 0.6931448665034435, 0.693144863605771, 0.693144868618262, 0.6931448657428869, 0.6931448655077961, 0.6931448649008984, 0.693144858166518, 0.6931448607319198, 0.6931448641425756, 0.6931448594718956, 0.6931448610886481, 0.6931448539399834, 0.6931448619167089, 0.6931448593877692, 0.6931448592691953, 0.6931448577637596, 0.6931448547760488, 0.6931448509512288, 0.6931448565631861, 0.693144845468224, 0.6931448474030237, 0.693144853522831, 0.6931448545485598, 0.6931448523691026, 0.6931448508842796, 0.69314484720602, 0.6931448541224677, 0.6931448539158499, 0.6931448548034923, 0.6931448486684212, 0.6931448515935215, 0.6931448509915028, 0.6931448487874993, 0.6931448490494957, 0.693144854055324, 0.693144852662701, 0.6931448520715402, 0.6931448530092189, 0.6931448511442825, 0.6931448537676752, 0.6931448489851234, 0.6931448519169646, 0.6931448489625186, 0.6931448517507965, 0.6931448460480395, 0.6931448491347201, 0.693144852015253, 0.6931448535081893, 0.6931448492676876, 0.6931448492919038, 0.6931448488733224, 0.6931448459093331, 0.6931448555924861, 0.6931448506368614, 0.6931448560804765, 0.6931448483799838, 0.6931448510539351, 0.6931448511175354, 0.6931448495452993, 0.6931448455519866, 0.6931448433217164, 0.6931448483334759, 0.6931448487428414, 0.6931448481803555, 0.6931448437575702, 0.6931448506534736, 0.6931448435223283, 0.6931448435125139, 0.6931448503938228, 0.6931448531593475, 0.6931448502020483, 0.6931448494386797, 0.6931448517669196, 0.6931448502382817, 0.6931448498590412, 0.6931448450621491, 0.6931448511336783, 0.6931448484568964, 0.6931448472787503, 0.6931448496938869, 0.6931448460793189, 0.6931448471576552, 0.6931448402913934, 0.6931448481558067, 0.6931448575074401, 0.6931448491409383, 0.6931448500937122, 0.6931448431122915, 0.6931448447828132, 0.6931448452843706, 0.6931448457157195, 0.6931448510177588, 0.6931448506416755, 0.6931448458631119], "top1": [0.914865999999945, 0.9274799999999425, 0.9343219999999359, 0.9406879999999325, 0.9445599999999212, 0.9475739999999149, 0.9501879999999057, 0.952551999999898, 0.9540739999998943, 0.9554519999998939, 0.9564259999998909, 0.9573559999998877, 0.9580999999998842, 0.9583559999998861, 0.9590379999998829, 0.9595959999998797, 0.960255999999877, 0.961179999999874, 0.9617719999998733, 0.9624899999998705, 0.9631579999998671, 0.963671999999869, 0.9642819999998657, 0.965065999999865, 0.9655259999998627, 0.9659439999998598, 0.9663839999998587, 0.9669779999998569, 0.9673259999998569, 0.9677159999998561, 0.9681179999998542, 0.9684899999998533, 0.9689219999998515, 0.9691279999998517, 0.9694519999998502, 0.9696979999998501, 0.9700299999998481, 0.970257999999847, 0.9705119999998473, 0.9708039999998473, 0.9710579999998469, 0.9713059999998471, 0.9716139999998455, 0.971801999999846, 0.9719839999998434, 0.9721779999998442, 0.9723179999998434, 0.9727119999998424, 0.9729119999998432, 0.9731039999998425, 0.9733219999998437, 0.973527999999842, 0.9736139999998437, 0.9738559999998435, 0.973993999999843, 0.9742019999998424, 0.9743259999998433, 0.9744299999998434, 0.974489999999843, 0.974663999999843, 0.9747299999998424, 0.9749559999998438, 0.9750239999998437, 0.975187999999843, 0.9751079999998427, 0.9752319999998428, 0.9752659999998429, 0.9754339999998427, 0.9753859999998425, 0.975563999999843, 0.9756539999998433, 0.9756439999998431, 0.9756959999998428, 0.975739999999843, 0.9757359999998431, 0.9758059999998435, 0.9757459999998435, 0.9758399999998437, 0.9758619999998438, 0.9759159999998436, 0.975975999999844, 0.9760579999998438, 0.9760839999998436, 0.9761899999998437, 0.9761639999998443, 0.9762299999998433, 0.9762239999998438, 0.9763439999998441, 0.9764359999998434, 0.9764359999998438, 0.9763859999998442, 0.9765459999998438, 0.9764859999998436, 0.9765139999998445, 0.9766119999998438, 0.9765159999998446, 0.9765179999998447, 0.9766299999998445, 0.9766419999998444], "top5": [0.8922144000000138, 0.9168172000000259, 0.926428000000008, 0.9315359999999977, 0.9348304000000007, 0.9377388000000039, 0.9397852000000055, 0.9411432000000101, 0.9426196000000154, 0.944396800000019, 0.9456836000000183, 0.9464776000000218, 0.9473212000000208, 0.9480456000000175, 0.9487016000000155, 0.9495640000000223, 0.9497804000000171, 0.9504740000000231, 0.9512336000000179, 0.9513936000000184, 0.9519544000000185, 0.9528020000000197, 0.9533656000000179, 0.9538840000000142, 0.9545520000000164, 0.9548600000000089, 0.9555740000000075, 0.955922800000005, 0.9563036000000058, 0.9566540000000042, 0.9569672000000046, 0.9573560000000012, 0.9575488000000012, 0.9580152, 0.9581955999999969, 0.9584439999999967, 0.9586731999999935, 0.9588823999999959, 0.9590931999999978, 0.9592747999999955, 0.9594995999999948, 0.9596047999999948, 0.9598195999999954, 0.9600439999999951, 0.9601595999999903, 0.9601751999999919, 0.960156799999993, 0.9604387999999914, 0.960565999999992, 0.960676799999992, 0.9608679999999911, 0.9610215999999878, 0.9612595999999894, 0.9613375999999866, 0.9615383999999878, 0.9616187999999877, 0.9617383999999857, 0.961746399999988, 0.9618739999999841, 0.9618707999999866, 0.962044799999984, 0.9620571999999865, 0.9622163999999859, 0.9622783999999851, 0.9622707999999871, 0.9623311999999865, 0.9624127999999841, 0.9625883999999864, 0.9625027999999822, 0.962592399999982, 0.9627719999999812, 0.9628659999999846, 0.9628735999999813, 0.9630907999999802, 0.9633763999999814, 0.9634407999999783, 0.9634155999999783, 0.9634547999999818, 0.9634171999999799, 0.9634915999999801, 0.963429199999979, 0.9635227999999794, 0.9637023999999806, 0.9636191999999786, 0.9636171999999791, 0.9637251999999795, 0.9638123999999809, 0.9638715999999804, 0.9638735999999819, 0.9637043999999805, 0.9637243999999806, 0.9639415999999804, 0.9639387999999804, 0.9639811999999774, 0.963976399999979, 0.9640823999999789, 0.964088799999979, 0.9641655999999764, 0.9639911999999747], "top10": [0.8814320000000057, 0.9095566000000134, 0.9142880000000098, 0.9170226000000031, 0.9221380000000002, 0.9273453999999989, 0.9315947999999926, 0.9331631999999978, 0.9353645999999953, 0.9360069999999938, 0.9374029999999939, 0.9379109999999912, 0.9393391999999909, 0.9370383999999884, 0.9374443999999994, 0.9395065999999926, 0.937910199999994, 0.9372107999999969, 0.9422501999999966, 0.9386577999999967, 0.9416841999999979, 0.9427337999999942, 0.9456846000000001, 0.9449285999999986, 0.9456161999999982, 0.9473122000000048, 0.9472938000000013, 0.946955999999999, 0.9482182000000048, 0.9484274000000028, 0.948706000000003, 0.9491558000000003, 0.9485242000000011, 0.9494778000000018, 0.9502274000000012, 0.9505194000000067, 0.9504662000000038, 0.9509736000000033, 0.9512728000000001, 0.9513270000000009, 0.9516342000000059, 0.9519252000000046, 0.9520316000000033, 0.9523737999999977, 0.9525168000000016, 0.9526110000000013, 0.9525276000000013, 0.9531270000000052, 0.953353400000003, 0.9534992000000048, 0.9536589999999995, 0.9533086000000036, 0.9538492000000047, 0.9537468000000053, 0.9542048000000038, 0.9544356000000013, 0.954530000000005, 0.9546700000000057, 0.9549762000000075, 0.9548546000000053, 0.9552058000000061, 0.9552546000000061, 0.9553704000000087, 0.9555326000000072, 0.9555808000000038, 0.9557290000000048, 0.9556588000000106, 0.9558830000000064, 0.9559680000000068, 0.9559096000000067, 0.956284200000006, 0.9560832000000083, 0.9563224000000098, 0.9562084000000075, 0.9564012000000068, 0.9563008000000045, 0.9565538000000031, 0.9565860000000049, 0.9566760000000062, 0.956888800000003, 0.9569402000000089, 0.9572642000000092, 0.9572062000000091, 0.9567390000000081, 0.9569726000000004, 0.9572598000000042, 0.9573732000000098, 0.9574000000000075, 0.9573244000000101, 0.9569250000000092, 0.9572626000000067, 0.9574650000000072, 0.9576594000000034, 0.9576558000000055, 0.9573464000000027, 0.9572634000000025, 0.9575508000000065, 0.9573216000000019, 0.9566144000000055],