{"top1": [0.96, 0.92, 0.94, 0.88, 0.94, 0.94, 0.92, 0.94, 0.86, 0.94, 0.92, 0.96, 0.94, 0.98, 0.92, 0.92, 0.92, 0.9, 0.96, 0.94, 0.92, 0.88, 0.94, 0.96, 0.92, 0.96, 0.92, 0.88, 0.9, 0.96], "top5": [0.912, 0.856, 0.892, 0.872, 0.912, 0.868, 0.904, 0.896, 0.888, 0.876, 0.88, 0.888, 0.876, 0.896, 0.9, 0.888, 0.86, 0.872, 0.864, 0.864, 0.9, 0.888, 0.852, 0.904, 0.908, 0.904, 0.864, 0.92, 0.88, 0.864], "top10": [0.88, 0.84, 0.852, 0.858, 0.866, 0.878, 0.836, 0.832, 0.85, 0.858, 0.872, 0.862, 0.878, 0.888, 0.834, 0.838, 0.866, 0.828, 0.838, 0.888, 0.826, 0.874, 0.85, 0.882, 0.85, 0.854, 0.836, 0.85, 0.846, 0.814], "kendal": [0.6284106421284257, 0.5875968793758751, 0.5933252250450091, 0.5958719743948789, 0.5851525505101021, 0.5999001400280056, 0.6071735947189438, 0.595106701340268, 0.5988440888177635, 0.6161414682936588, 0.6061501900380076, 0.5897213042608522, 0.6404397679535908, 0.6182996599319864, 0.5974911782356472, 0.587712422484497, 0.5965881176235247, 0.5876236047209442, 0.5975542308461693, 0.6163730346069215, 0.5643602320464093, 0.5996452090418084, 0.595656571314263, 0.63474374874975, 0.6058357271454291, 0.5971549509901981, 0.5729277055411083, 0.606539547909582, 0.5930254850970195, 0.573194798959792], "time": [0.4279806613922119, 0.47823452949523926, 0.39971232414245605, 0.44921088218688965, 0.42303919792175293, 0.42822766304016113, 0.4446544647216797, 0.40020227432250977, 0.40412259101867676, 0.39740657806396484, 0.38027000427246094, 0.3686370849609375, 0.3809363842010498, 0.38871145248413086, 0.37198781967163086, 0.37310051918029785, 0.3702504634857178, 0.3709447383880615, 0.3567051887512207, 0.3664369583129883, 0.3622148036956787, 0.400895357131958, 0.3817274570465088, 0.38102197647094727, 0.3590724468231201, 0.3639531135559082, 0.39049768447875977, 0.40512585639953613, 0.401944637298584, 0.467423677444458]}