{"mse": [2.780760465889979e-06, 1.9442269432582785e-06, 2.025889702602961e-06, 1.762209546478253e-06, 1.652692536095984e-06, 1.5538284547714583e-06, 1.5752130973122652e-06, 1.461816846693803e-06, 1.66368351767881e-06, 1.3000288373871476e-06, 1.4102735818112876e-06, 1.2961709636569765e-06, 1.3312185535434997e-06, 1.2926845269611862e-06, 1.361739042962978e-06, 1.2504286308256837e-06, 1.196932044232393e-06, 1.2017863470805276e-06, 1.1433898269195443e-06, 1.1989632612061684e-06, 1.1563219480700656e-06, 1.2842241271131495e-06, 1.1788335023069391e-06, 1.2681726592401641e-06, 1.1962524859285347e-06, 1.2178974171008546e-06, 1.165388426038598e-06, 1.140179248109378e-06, 1.2621135634126619e-06, 1.0660230690270013e-06, 1.2090003591517622e-06, 1.2045324971981846e-06, 1.2031209946255416e-06, 1.1947789755892442e-06, 1.1308139162364807e-06, 1.2915934236945732e-06, 1.0890852247043988e-06, 1.119287482462407e-06, 1.0491118909721983e-06, 1.1790456789272584e-06, 1.0949024274157936e-06, 1.067440191328276e-06, 1.0291278314158077e-06, 1.1561690949475084e-06, 1.1186861443241185e-06, 1.0259828617837943e-06, 1.1675915724752596e-06, 1.1348218400737113e-06, 1.030469705384311e-06, 1.2020473279370564e-06, 1.0242004543791748e-06, 1.055272021771568e-06, 9.956804183631541e-07, 1.2070405917256328e-06, 1.0676874341240659e-06, 1.1332767662682249e-06, 9.973223604528892e-07, 1.1398300670801191e-06, 1.0058702015582224e-06, 1.1635393091935825e-06, 1.089584637253557e-06, 1.1590956419299215e-06, 1.0570215301500449e-06, 1.342656028458413e-06, 1.0116880778170298e-06, 1.1331663949214428e-06, 9.969731360968914e-07, 1.1227947836737814e-06, 1.0256408366056058e-06, 1.0375530771324757e-06, 1.0294710054853793e-06, 9.30525945610775e-07, 1.0222803927056087e-06, 1.20901016707642e-06, 1.0545378288224766e-06, 9.74798861033467e-07, 1.0231233642500173e-06, 9.6565780716323e-07, 1.0444027690191e-06, 1.169504527408761e-06, 9.793576891013452e-07, 9.54094412902983e-07, 1.0479219094949172e-06, 9.74480256892841e-07, 9.177583620600753e-07, 1.018086110657224e-06, 1.095621611289877e-06, 9.328621160217347e-07, 8.700759361772215e-07, 9.649803619456552e-07, 8.980080264593528e-07, 8.590902883174748e-07, 8.989687139067077e-07, 8.360443133775906e-07, 9.564075985040002e-07, 9.077647400962804e-07, 1.0707802151801873e-06, 8.256343832234311e-07, 1.017162823601583e-06, 8.131536889452348e-07], "top1": [0.95275, 0.96425, 0.9653, 0.96695, 0.9681, 0.9686, 0.96935, 0.96955, 0.9696, 0.97025, 0.9696, 0.9701, 0.9705, 0.9707, 0.97025, 0.97125, 0.97135, 0.9712, 0.97145, 0.97105, 0.97155, 0.97125, 0.9718, 0.9721, 0.9719, 0.97185, 0.97245, 0.9724, 0.97205, 0.97305, 0.97295, 0.9725, 0.97255, 0.97275, 0.97285, 0.9729, 0.97295, 0.9727, 0.97325, 0.97365, 0.9728, 0.9736, 0.97305, 0.97375, 0.97335, 0.9739, 0.97365, 0.9739, 0.9741, 0.9748, 0.9746, 0.9745, 0.97455, 0.97365, 0.9743, 0.97405, 0.97415, 0.9745, 0.97465, 0.9749, 0.9746, 0.975, 0.9749, 0.975, 0.97525, 0.9751, 0.97555, 0.97445, 0.97535, 0.9756, 0.9763, 0.97475, 0.97565, 0.97545, 0.976, 0.97575, 0.9755, 0.9755, 0.97575, 0.97535, 0.97555, 0.97545, 0.97525, 0.97525, 0.9761, 0.9755, 0.9754, 0.97555, 0.9751, 0.976, 0.9755, 0.9758, 0.976, 0.97615, 0.97615, 0.97545, 0.9762, 0.9766, 0.9763, 0.97675], "top5": [0.964239999999941, 0.9703999999999503, 0.9719999999999516, 0.9736799999999545, 0.9743299999999555, 0.9749299999999562, 0.9752399999999567, 0.9751599999999562, 0.975479999999957, 0.9755999999999568, 0.9761799999999579, 0.9761299999999579, 0.976199999999958, 0.976199999999958, 0.9765199999999588, 0.9765199999999584, 0.9766399999999587, 0.9767699999999587, 0.9767399999999586, 0.9769199999999595, 0.9769399999999591, 0.9770799999999598, 0.9771199999999594, 0.9772399999999596, 0.9770599999999596, 0.9770499999999597, 0.97737999999996, 0.9773899999999596, 0.97714999999996, 0.9774099999999598, 0.9774899999999599, 0.9776399999999603, 0.9776999999999604, 0.9777899999999603, 0.9778499999999604, 0.9781099999999605, 0.9777799999999607, 0.9777599999999602, 0.9779299999999604, 0.9778899999999602, 0.9781199999999611, 0.978239999999961, 0.9780599999999607, 0.9783899999999613, 0.9784799999999619, 0.9783699999999619, 0.9785499999999618, 0.978499999999962, 0.9784899999999618, 0.9787899999999623, 0.9786599999999622, 0.9789199999999628, 0.9789199999999628, 0.9787399999999626, 0.9788199999999629, 0.9788899999999626, 0.9791199999999634, 0.9792399999999628, 0.9791899999999634, 0.9791899999999639, 0.9792199999999631, 0.9790999999999634, 0.9792899999999636, 0.9791799999999635, 0.9793299999999634, 0.9793199999999637, 0.9794399999999636, 0.9793399999999639, 0.9796699999999643, 0.979529999999964, 0.9797099999999646, 0.979499999999964, 0.9796199999999642, 0.9797599999999642, 0.9797299999999641, 0.9797299999999637, 0.9795599999999632, 0.9795599999999632, 0.979799999999964, 0.9799499999999646, 0.9797299999999636, 0.979809999999964, 0.9800799999999644, 0.9797199999999633, 0.9801199999999646, 0.9799599999999644, 0.9797999999999636, 0.9802499999999643, 0.9802299999999643, 0.9803099999999649, 0.9802899999999645, 0.9803599999999649, 0.9801899999999641, 0.9805599999999655, 0.9800799999999638, 0.9804899999999654, 0.9805699999999647, 0.9803899999999643, 0.9804399999999647, 0.9804299999999648], "top10": [0.9623699999999815, 0.9661749999999852, 0.9677349999999875, 0.9689749999999901, 0.9695849999999924, 0.9702049999999939, 0.9705849999999933, 0.970924999999993, 0.9710649999999945, 0.9713699999999944, 0.9715149999999952, 0.9716249999999939, 0.9718349999999939, 0.9719999999999942, 0.9720749999999947, 0.9722349999999951, 0.9723599999999946, 0.9724899999999945, 0.9725349999999963, 0.9725599999999955, 0.9727149999999952, 0.9727799999999959, 0.9729149999999954, 0.9728599999999955, 0.9731299999999946, 0.9730499999999949, 0.9730199999999953, 0.9731399999999943, 0.9731549999999949, 0.9734399999999952, 0.9733549999999946, 0.973299999999996, 0.9733499999999949, 0.9732549999999955, 0.9735299999999958, 0.9735399999999956, 0.9735399999999954, 0.9736949999999958, 0.9736799999999963, 0.9736849999999962, 0.9736949999999962, 0.9738949999999957, 0.9738999999999963, 0.9738499999999966, 0.974094999999996, 0.9738449999999961, 0.9741249999999961, 0.9742699999999959, 0.9741699999999959, 0.974184999999997, 0.9742049999999978, 0.9743849999999961, 0.9745049999999971, 0.9746599999999964, 0.9747199999999968, 0.9747449999999978, 0.9748499999999972, 0.9746799999999975, 0.975044999999998, 0.975059999999998, 0.9751099999999975, 0.975154999999997, 0.9752449999999977, 0.9753599999999973, 0.975269999999997, 0.9752599999999969, 0.9755249999999973, 0.9754599999999973, 0.9756949999999978, 0.9757299999999981, 0.975599999999998, 0.9758599999999982, 0.9756799999999987, 0.975874999999998, 0.9758149999999987, 0.9757999999999983, 0.9757949999999981, 0.9760649999999983, 0.9761999999999987, 0.9761799999999982, 0.9762149999999982, 0.9763949999999988, 0.9763549999999981, 0.9761299999999986, 0.9764699999999984, 0.9765649999999998, 0.9764499999999987, 0.9765849999999995, 0.9766599999999999, 0.9766399999999993, 0.9767099999999987, 0.97664, 0.9765749999999994, 0.9766449999999998, 0.9766050000000005, 0.9767800000000001, 0.9767799999999992, 0.9767900000000008, 0.9766550000000003, 0.9768399999999993],