{"top1": [0.96, 0.92, 0.96, 0.9, 0.96, 0.96, 0.94, 0.96, 0.9, 0.96, 0.92, 0.94, 0.94, 0.98, 0.92, 0.94, 0.92, 0.9, 0.96, 0.96, 0.94, 0.9, 0.94, 0.96, 0.94, 0.98, 0.9, 0.94, 0.9, 0.96], "top5": [0.924, 0.864, 0.908, 0.896, 0.92, 0.884, 0.912, 0.912, 0.908, 0.9, 0.896, 0.904, 0.9, 0.9, 0.912, 0.912, 0.88, 0.892, 0.864, 0.88, 0.912, 0.904, 0.86, 0.908, 0.92, 0.92, 0.88, 0.928, 0.888, 0.876], "top10": [0.906, 0.864, 0.876, 0.874, 0.878, 0.894, 0.868, 0.86, 0.866, 0.874, 0.888, 0.88, 0.894, 0.904, 0.846, 0.868, 0.896, 0.862, 0.866, 0.906, 0.846, 0.89, 0.872, 0.898, 0.878, 0.868, 0.858, 0.878, 0.87, 0.836], "kendal": [0.6944078415683137, 0.6346957391478296, 0.6427589517903581, 0.6414950190038008, 0.632473374674935, 0.6482858171634327, 0.6572044008801761, 0.6370162032406481, 0.6463113422684538, 0.6714362072414483, 0.6542417283456691, 0.6374226845369073, 0.6975171034206841, 0.6752808161632328, 0.646612522504501, 0.6408755351070214, 0.64265125025005, 0.6397609121824366, 0.6395717543508702, 0.6747899979995999, 0.605048049609922, 0.6492168833766754, 0.642201400280056, 0.6946285257051411, 0.6586458091618325, 0.6513161832366473, 0.6160720144028806, 0.6580668133626726, 0.6443546309261853, 0.6156946589317864], "time": [0.38098740577697754, 0.3487887382507324, 0.3636927604675293, 0.3406240940093994, 0.37948155403137207, 0.37366652488708496, 0.36722254753112793, 0.38150691986083984, 0.361344575881958, 0.3799748420715332, 0.38338327407836914, 0.3660149574279785, 0.4385721683502197, 0.339078426361084, 0.3639638423919678, 0.36859583854675293, 0.35556888580322266, 0.35297393798828125, 0.3524155616760254, 0.3499104976654053, 0.3490419387817383, 0.3773787021636963, 0.3625779151916504, 0.3523721694946289, 0.3572564125061035, 0.3446662425994873, 0.3751554489135742, 0.3588216304779053, 0.37768983840942383, 0.3662855625152588]}