{"top1": [0.96, 0.56, 0.38, 0.48, 0.58, 0.64, 0.58, 0.58, 0.5, 0.56, 0.54, 0.58, 0.58, 0.66, 0.58, 0.6, 0.6, 0.56, 0.52, 0.62, 0.56, 0.58, 0.62, 0.92, 0.94, 0.86, 0.88, 0.94, 0.88, 0.96], "top5": [0.892, 0.596, 0.556, 0.568, 0.588, 0.568, 0.608, 0.568, 0.592, 0.528, 0.548, 0.544, 0.588, 0.564, 0.572, 0.596, 0.596, 0.596, 0.544, 0.58, 0.58, 0.592, 0.572, 0.892, 0.868, 0.88, 0.88, 0.9, 0.872, 0.892], "top10": [0.866, 0.614, 0.578, 0.592, 0.594, 0.596, 0.614, 0.592, 0.606, 0.588, 0.624, 0.598, 0.582, 0.552, 0.598, 0.576, 0.626, 0.602, 0.602, 0.618, 0.59, 0.596, 0.596, 0.858, 0.872, 0.858, 0.856, 0.87, 0.902, 0.886], "kendal": [0.6098573314662933, 0.3111771154230846, 0.31666061212242447, 0.3081518703740748, 0.31565785157031406, 0.3156228045609122, 0.3157452290458092, 0.31696483296659334, 0.30591766353270655, 0.31839103820764153, 0.3125124224844969, 0.32150526105221044, 0.3193112222444489, 0.31257435487097424, 0.32328097619523904, 0.3175297459491898, 0.31899419883976793, 0.3140212042408482, 0.29502524504900984, 0.31305157031406283, 0.29767025405081016, 0.30985029005801157, 0.31430254050810164, 0.6239340668133627, 0.6225397079415883, 0.6204842568513703, 0.6047004600920184, 0.6055316663332666, 0.6197258651730346, 0.6284292058411683], "time": [0.36606502532958984, 0.3917698860168457, 0.3311898708343506, 0.35188961029052734, 0.331758975982666, 0.36385130882263184, 0.3415415287017822, 0.3451530933380127, 0.3471040725708008, 0.36954832077026367, 0.3400917053222656, 0.353748083114624, 0.3532865047454834, 0.345517635345459, 0.3618443012237549, 0.37821030616760254, 0.3724555969238281, 0.3623013496398926, 0.3371555805206299, 0.3345346450805664, 0.3514559268951416, 0.31783223152160645, 0.3689115047454834, 0.346480131149292, 0.32469725608825684, 0.35337352752685547, 0.343583345413208, 0.346022367477417, 0.36763763427734375, 0.3480339050292969]}