{"top1": [0.28, 0.28, 0.26, 0.32, 0.14, 0.32, 0.32, 0.22, 0.3, 0.16, 0.22, 0.38, 0.44, 0.4, 0.22, 0.24, 0.28, 0.12, 0.22, 0.38, 0.38, 0.3, 0.28, 0.22, 0.36, 0.34, 0.18, 0.22, 0.34, 0.2], "top5": [0.304, 0.264, 0.312, 0.296, 0.192, 0.264, 0.252, 0.272, 0.28, 0.22, 0.208, 0.228, 0.3, 0.288, 0.244, 0.264, 0.252, 0.304, 0.248, 0.248, 0.384, 0.268, 0.244, 0.236, 0.24, 0.332, 0.236, 0.28, 0.256, 0.236], "top10": [0.388, 0.322, 0.382, 0.36, 0.316, 0.352, 0.34, 0.288, 0.366, 0.362, 0.33, 0.36, 0.342, 0.372, 0.28, 0.35, 0.288, 0.376, 0.314, 0.338, 0.41, 0.336, 0.292, 0.27, 0.33, 0.4, 0.286, 0.364, 0.328, 0.272], "kendal": [0.20148109132169986, 0.20943942764201576, 0.22396570959832393, 0.20465381848186529, 0.21879158117673797, 0.21587525725732715, 0.22139689180498187, 0.193920781929251, 0.19247926123106568, 0.2179751856813213, 0.21700539420140508, 0.21242360492017776, 0.2259150267524916, 0.20956673566827178, 0.20718467048518732, 0.19338887127757762, 0.21784078446330993, 0.19947489155478781, 0.22402672816658123, 0.19520500892370332, 0.2033895819860267, 0.22136231485813607, 0.1975628805475321, 0.19233591513964127, 0.21548616612969196, 0.21308168357244628, 0.20004341971721673, 0.19898371850382568, 0.19836845233218536, 0.1984830881021384], "time": [0.04106783866882324, 0.04393744468688965, 0.04318857192993164, 0.0433039665222168, 0.04592180252075195, 0.04293346405029297, 0.04130077362060547, 0.04321599006652832, 0.04356718063354492, 0.04442739486694336, 0.0603175163269043, 0.03782963752746582, 0.039205312728881836, 0.03978466987609863, 0.04272127151489258, 0.04190540313720703, 0.04568195343017578, 0.048835039138793945, 0.049651145935058594, 0.03738570213317871, 0.03886246681213379, 0.0407559871673584, 0.04263710975646973, 0.03857016563415527, 0.044914960861206055, 0.04371762275695801, 0.04942131042480469, 0.04364180564880371, 0.03677678108215332, 0.04626274108886719]}