{"top1": [0.98, 0.58, 0.4, 0.5, 0.58, 0.64, 0.6, 0.62, 0.5, 0.58, 0.62, 0.58, 0.58, 0.66, 0.62, 0.6, 0.62, 0.56, 0.56, 0.62, 0.6, 0.6, 0.62, 0.94, 0.96, 0.92, 0.9, 0.96, 0.9, 0.96], "top5": [0.88, 0.592, 0.552, 0.564, 0.6, 0.556, 0.596, 0.568, 0.592, 0.552, 0.548, 0.536, 0.576, 0.568, 0.568, 0.608, 0.6, 0.592, 0.548, 0.58, 0.596, 0.592, 0.568, 0.856, 0.872, 0.884, 0.888, 0.892, 0.86, 0.892], "top10": [0.834, 0.614, 0.584, 0.592, 0.59, 0.592, 0.612, 0.604, 0.61, 0.582, 0.624, 0.586, 0.592, 0.554, 0.584, 0.574, 0.612, 0.588, 0.612, 0.604, 0.586, 0.606, 0.592, 0.824, 0.852, 0.828, 0.83, 0.838, 0.88, 0.87], "kendal": [0.6240413846213066, 0.4000699702442003, 0.3961655045183857, 0.40745216038651894, 0.3939280164259243, 0.39288439364834704, 0.41054379424444615, 0.40031890053045055, 0.38456994874461736, 0.39816008546870935, 0.40111463424598454, 0.40643026627364764, 0.40892190754569174, 0.4021793707471149, 0.40488270203349846, 0.4063626404653895, 0.4124205148163319, 0.3981073287372165, 0.4043359144599632, 0.40563121853024764, 0.3879686161068679, 0.40467620140823163, 0.40900478516839894, 0.6208408859775515, 0.641022350328627, 0.6227637576071077, 0.6171643953946558, 0.6178111789141449, 0.6263347055030892, 0.6354844453874934], "time": [48.21389675140381, 48.47821807861328, 48.701597929000854, 49.853052854537964, 48.80091691017151, 49.48325753211975, 48.29307460784912, 48.25620079040527, 48.34147787094116, 49.58246970176697, 48.38411474227905, 49.373032093048096, 48.60456109046936, 49.326144218444824, 48.38628435134888, 49.20925951004028, 48.36859321594238, 48.905882835388184, 48.09139370918274, 49.26799392700195, 48.76962447166443, 49.89541292190552, 48.02439475059509, 49.47588229179382, 48.4310941696167, 49.29624581336975, 48.792980670928955, 49.7365996837616, 48.75956082344055, 48.86764430999756]}