{"bce": [34.95104166008532, 34.97154166105902, 34.95785166040878, 34.99419166213484, 34.97409166118014, 34.948381659958976, 34.96318166066194, 34.98283166159526, 34.985241661709736, 34.98588166174013, 34.96659166082391, 34.97215166108799, 34.99275166206644, 34.968701660924125, 34.96728166085668, 34.969321660953575, 34.96127166057122, 34.97733166133403, 34.98582166173728, 34.95347166020074, 34.990971661981895, 34.9697916609759, 34.980701661494095, 35.007291662757055, 34.98476166168693, 34.9791016614181, 34.976191661279884, 34.99417166213389, 34.99498166217236, 35.016421663190705, 34.97981166145182, 34.99030166195007, 35.0071516627504, 34.98198166155489, 34.99267166206264, 34.98200166155584, 34.98702166179428, 34.99319166208734, 34.98188166155014, 34.98871166187455, 35.000701662444044, 34.97573166125803, 34.99705166227068, 34.98710166179808, 34.97953166143852, 34.96729166085716, 34.97309166113264, 34.95744166038931, 34.981001661508344, 35.00644166271668, 34.977711661352075, 35.00629166270956, 34.97301166112884, 34.98920166189782, 34.96881166092935, 34.96544166076929, 34.97564166125376, 34.95572166030761, 34.98340166162234, 34.979991661460375, 34.97334166114452, 34.97716166132595, 34.99162166201277, 34.94820165995043, 34.983661661634684, 34.96825166090275, 35.00932166285347, 34.980181661469395, 34.988811661879296, 34.99735166228493, 34.963071660656716, 34.97489166121814, 34.99273166206549, 34.987291661807106, 34.96157166058547, 34.96096166055649, 34.997441662289205, 34.99088166197762, 34.98528166171163, 34.99419166213484, 34.97092166102957, 34.97144166105427, 34.97086166102672, 34.98291166159906, 34.98355166162946, 35.005211662658255, 35.00022166242125, 34.96258166063344, 34.977111661323576, 34.98383166164276, 34.969741660973526, 34.983481661626136, 34.96499166074791, 34.976061661273704, 34.99597166221938, 35.00725166275515, 34.99829166232958, 34.985621661727784, 34.99058166196337, 35.01068166291807], "top1": [0.0, 0.0, 0.0, 0.0, 0.0, 0.0, 0.0, 0.0, 0.0, 0.0, 0.0, 0.0, 0.0, 0.0, 0.0, 0.0, 0.0, 0.0, 0.0, 0.0, 0.0, 0.0, 0.0, 0.0, 0.0, 0.0, 0.0, 0.0, 0.0, 0.0, 0.0, 0.0, 0.0, 0.0, 0.0, 0.0, 0.0, 0.0, 0.0, 0.0, 0.0, 0.0, 0.0, 0.0, 0.0, 0.0, 0.0, 0.0, 0.0, 0.0, 0.0, 0.0, 0.0, 0.0, 0.0, 0.0, 0.0, 0.0, 0.0, 0.0, 0.0, 0.0, 0.0, 0.0, 0.0, 0.0, 0.0, 0.0, 0.0, 0.0, 0.0, 0.0, 0.0, 0.0, 0.0, 0.0, 0.0, 0.0, 0.0, 0.0, 0.0, 0.0, 0.0, 0.0, 0.0, 0.0, 0.0, 0.0, 0.0, 0.0, 0.0, 0.0, 0.0, 0.0, 0.0, 0.0, 0.0, 0.0, 0.0, 0.0], "top5": [0.0009699999999999983, 0.0009699999999999983, 0.0009699999999999983, 0.0009699999999999983, 0.0009699999999999983, 0.0009699999999999983, 0.0009699999999999983, 0.0009699999999999983, 0.0009699999999999983, 0.0009699999999999983, 0.0009699999999999983, 0.0009699999999999983, 0.0009699999999999983, 0.0009699999999999983, 0.0009699999999999983, 0.0009699999999999983, 0.0009699999999999983, 0.0009699999999999983, 0.0009699999999999983, 0.0009699999999999983, 0.0009699999999999983, 0.0009699999999999983, 0.0009699999999999983, 0.0009699999999999983, 0.0009699999999999983, 0.0009699999999999983, 0.0009699999999999983, 0.0009699999999999983, 0.0009699999999999983, 0.0009699999999999983, 0.0009699999999999983, 0.0009699999999999983, 0.0009699999999999983, 0.0009699999999999983, 0.0009699999999999983, 0.0009699999999999983, 0.0009699999999999983, 0.0009699999999999983, 0.0009699999999999983, 0.0009699999999999983, 0.0009699999999999983, 0.0009699999999999983, 0.0009699999999999983, 0.0009699999999999983, 0.0009699999999999983, 0.0009699999999999983, 0.0009699999999999983, 0.0009699999999999983, 0.0009699999999999983, 0.0009699999999999983, 0.0009699999999999983, 0.0009699999999999983, 0.0009699999999999983, 0.0009699999999999983, 0.0009699999999999983, 0.0009699999999999983, 0.0009699999999999983, 0.0009699999999999983, 0.0009699999999999983, 0.0009699999999999983, 0.0009699999999999983, 0.0009699999999999983, 0.0009699999999999983, 0.0009699999999999983, 0.0009699999999999983, 0.0009699999999999983, 0.0009699999999999983, 0.0009699999999999983, 0.0009699999999999983, 0.0009699999999999983, 0.0009699999999999983, 0.0009699999999999983, 0.0009699999999999983, 0.0009699999999999983, 0.0009699999999999983, 0.0009699999999999983, 0.0009699999999999983, 0.0009699999999999983, 0.0009699999999999983, 0.0009699999999999983, 0.0009699999999999983, 0.0009699999999999983, 0.0009699999999999983, 0.0009699999999999983, 0.0009699999999999983, 0.0009699999999999983, 0.0009699999999999983, 0.0009699999999999983, 0.0009699999999999983, 0.0009699999999999983, 0.0009699999999999983, 0.0009699999999999983, 0.0009699999999999983, 0.0009699999999999983, 0.0009699999999999983, 0.0009699999999999983, 0.0009699999999999983, 0.0009699999999999983, 0.0009699999999999983, 0.0009699999999999983], "top10": [0.16110500000000394, 0.16110500000000394, 0.16110500000000394, 0.16110500000000394, 0.16110500000000394, 0.16110500000000394, 0.16110500000000394, 0.16110500000000394, 0.16110500000000394, 0.16110500000000394, 0.16110500000000394, 0.16110500000000394, 0.16110500000000394, 0.16110500000000394, 0.16110500000000394, 0.16110500000000394, 0.16110500000000394, 0.16110500000000394, 0.16110500000000394, 0.16110500000000394, 0.16110500000000394, 0.16110500000000394, 0.16110500000000394, 0.16110500000000394, 0.16110500000000394, 0.16110500000000394, 0.16110500000000394, 0.16110500000000394, 0.16110500000000394, 0.16110500000000394, 0.16110500000000394, 0.16110500000000394, 0.16110500000000394, 0.16110500000000394, 0.16110500000000394, 0.16110500000000394, 0.16110500000000394, 0.16110500000000394, 0.16110500000000394, 0.16110500000000394, 0.16110500000000394, 0.16110500000000394, 0.16110500000000394, 0.16110500000000394, 0.16110500000000394, 0.16110500000000394, 0.16110500000000394, 0.16110500000000394, 0.16110500000000394, 0.16110500000000394, 0.16110500000000394, 0.16110500000000394, 0.16110500000000394, 0.16110500000000394, 0.16110500000000394, 0.16110500000000394, 0.16110500000000394, 0.16110500000000394, 0.16110500000000394, 0.16110500000000394, 0.16110500000000394, 0.16110500000000394, 0.16110500000000394, 0.16110500000000394, 0.16110500000000394, 0.16110500000000394, 0.16110500000000394, 0.16110500000000394, 0.16110500000000394, 0.16110500000000394, 0.16110500000000394, 0.16110500000000394, 0.16110500000000394, 0.16110500000000394, 0.16110500000000394, 0.16110500000000394, 0.16110500000000394, 0.16110500000000394, 0.16110500000000394, 0.16110500000000394, 0.16110500000000394, 0.16110500000000394, 0.16110500000000394, 0.16110500000000394, 0.16110500000000394, 0.16110500000000394, 0.16110500000000394, 0.16110500000000394, 0.16110500000000394, 0.16110500000000394, 0.16110500000000394, 0.16110500000000394, 0.16110500000000394, 0.16110500000000394, 0.16110500000000394, 0.16110500000000394, 0.16110500000000394, 0.16110500000000394, 0.16110500000000394, 0.16110500000000394],