{"top1": [0.98, 0.98, 0.98, 0.96, 0.98, 1.0, 0.98, 0.96, 0.96, 0.98, 0.98, 0.96, 1.0, 0.98, 0.96, 0.98, 0.98, 0.96, 0.96, 0.98, 0.94, 0.98, 0.94, 1.0, 0.98, 1.0, 0.96, 0.96, 0.98, 0.96], "top5": [0.968, 0.948, 0.968, 0.948, 0.96, 0.956, 0.96, 0.96, 0.964, 0.956, 0.964, 0.96, 0.96, 0.968, 0.968, 0.98, 0.968, 0.944, 0.94, 0.96, 0.96, 0.964, 0.94, 0.964, 0.96, 0.956, 0.96, 0.972, 0.96, 0.936], "top10": [0.97, 0.944, 0.956, 0.956, 0.964, 0.954, 0.954, 0.942, 0.96, 0.952, 0.96, 0.96, 0.952, 0.964, 0.952, 0.954, 0.956, 0.948, 0.942, 0.964, 0.94, 0.958, 0.95, 0.958, 0.95, 0.958, 0.938, 0.968, 0.958, 0.934], "kendal": [0.872120024004801, 0.8535012602520504, 0.862143948789758, 0.8614854170834166, 0.8508978595719143, 0.8595786357271454, 0.8657301060212043, 0.8551388677735547, 0.860422324464893, 0.8621986797359472, 0.868441848369674, 0.851743948789758, 0.8756314462892578, 0.8664926585317064, 0.8575127825565113, 0.853068373674735, 0.8604866573314662, 0.8451053410682138, 0.8590671734346869, 0.8737275455091018, 0.837559351870374, 0.8621508301660332, 0.8565906781356272, 0.86650450090018, 0.8627013402680537, 0.8598054010802161, 0.8464123224644929, 0.8641795559111822, 0.8645825165033006, 0.838483696739348], "time": [0.3647806644439697, 0.35152363777160645, 0.35419464111328125, 0.35098958015441895, 0.38126444816589355, 0.3453803062438965, 0.3820185661315918, 0.34568071365356445, 0.38521528244018555, 0.3819572925567627, 0.3887612819671631, 0.36021876335144043, 0.4000663757324219, 0.42920732498168945, 0.380626916885376, 0.36564207077026367, 0.35836338996887207, 0.33806943893432617, 0.34760165214538574, 0.34871625900268555, 0.3535034656524658, 0.35543251037597656, 0.3701963424682617, 0.3473343849182129, 0.3539762496948242, 0.35890960693359375, 0.3672475814819336, 0.3649449348449707, 0.38254404067993164, 0.39322972297668457]}