{"top1": [0.98, 0.98, 0.98, 0.96, 0.98, 1.0, 0.98, 0.96, 0.96, 0.98, 0.98, 0.96, 1.0, 0.98, 0.96, 0.98, 0.98, 0.96, 0.96, 0.98, 0.94, 0.98, 0.94, 1.0, 0.98, 1.0, 0.96, 0.96, 0.98, 0.96], "top5": [0.968, 0.948, 0.968, 0.948, 0.96, 0.956, 0.96, 0.96, 0.964, 0.956, 0.964, 0.96, 0.96, 0.968, 0.968, 0.98, 0.968, 0.944, 0.94, 0.96, 0.96, 0.964, 0.94, 0.964, 0.96, 0.956, 0.96, 0.972, 0.96, 0.936], "top10": [0.97, 0.944, 0.956, 0.956, 0.964, 0.954, 0.954, 0.942, 0.96, 0.952, 0.96, 0.96, 0.952, 0.964, 0.952, 0.954, 0.956, 0.948, 0.942, 0.964, 0.94, 0.958, 0.95, 0.958, 0.95, 0.958, 0.938, 0.968, 0.958, 0.934], "kendal": [0.872120024004801, 0.8535012602520504, 0.862143948789758, 0.8614854170834166, 0.8508978595719143, 0.8595786357271454, 0.8657301060212043, 0.8551388677735547, 0.860422324464893, 0.8621986797359472, 0.868441848369674, 0.851743948789758, 0.8756314462892578, 0.8664926585317064, 0.8575127825565113, 0.853068373674735, 0.8604866573314662, 0.8451053410682138, 0.8590671734346869, 0.8737275455091018, 0.837559351870374, 0.8621508301660332, 0.8565906781356272, 0.86650450090018, 0.8627013402680537, 0.8598054010802161, 0.8464123224644929, 0.8641795559111822, 0.8645825165033006, 0.838483696739348], "time": [0.4706101417541504, 0.36844372749328613, 0.3461728096008301, 0.3566551208496094, 0.3763105869293213, 0.35477161407470703, 0.36997103691101074, 0.3615386486053467, 0.358187198638916, 0.35692548751831055, 0.3583405017852783, 0.3621678352355957, 0.36106038093566895, 0.36839771270751953, 0.38588857650756836, 0.3852381706237793, 0.3521847724914551, 0.35120534896850586, 0.35872673988342285, 0.32078027725219727, 0.3488650321960449, 0.3582158088684082, 0.3733830451965332, 0.35616183280944824, 0.400759220123291, 0.3927886486053467, 0.3913083076477051, 0.36880946159362793, 0.3835160732269287, 0.36867475509643555]}