{"bce": [0.693143013877402, 0.6931429946481388, 0.6931429877254698, 0.6931429791101853, 0.6931429821085323, 0.6931429848258756, 0.6931429843873183, 0.6931429741538806, 0.6931429817564927, 0.6931429728059719, 0.6931429737926866, 0.6931429743618904, 0.6931429681761981, 0.6931429656455098, 0.6931429682394724, 0.6931429694547735, 0.6931429691347283, 0.6931429749466997, 0.693142965210569, 0.6931429664421317, 0.6931429695887821, 0.6931429694637139, 0.6931429694671722, 0.6931429646051004, 0.6931429643895027, 0.6931429647073282, 0.6931429686478189, 0.6931429691170056, 0.6931429704992415, 0.6931429655580269, 0.6931429616156123, 0.6931429698354609, 0.6931429675320468, 0.6931429746076138, 0.6931429791783614, 0.6931429651960906, 0.6931429696429603, 0.6931429689535428, 0.6931429589234095, 0.6931429688964346, 0.6931429692662509, 0.6931429564486781, 0.6931429719323815, 0.693142968870646, 0.6931429704424095, 0.693142974244811, 0.6931429639503162, 0.6931429724816789, 0.6931429579029621, 0.6931429654493781, 0.6931429591107178, 0.6931429699043671, 0.6931429697045772, 0.6931429604342138, 0.6931429624239227, 0.6931429727020428, 0.6931429622239174, 0.693142973331498, 0.6931429647169406, 0.6931429658154036, 0.693142956650783, 0.693142972094858, 0.6931429606859238, 0.6931429543334945, 0.6931429705390101, 0.6931429605097184, 0.6931429588597849, 0.6931429624053569, 0.693142964337024, 0.6931429715457642, 0.6931429602193819, 0.6931429646203571, 0.6931429600434345, 0.6931429673419267, 0.6931429537054961, 0.6931429593387287, 0.6931429599892672, 0.6931429640219952, 0.6931429656528325, 0.6931429647850973, 0.6931429655927963, 0.6931429628524715, 0.6931429659485595, 0.6931429656951698, 0.6931429611814804, 0.6931429673656803, 0.6931429675890882, 0.6931429653709293, 0.6931429657481564, 0.6931429623932815, 0.6931429626676909, 0.6931429623623924, 0.6931429728633242, 0.6931429638220745, 0.6931429642424248, 0.6931429752760557, 0.6931429628017433, 0.6931429666826733, 0.6931429639084976, 0.6931429586314409], "top1": [0.9401599999999076, 0.9510666666665788, 0.9592099999999179, 0.9628766666665873, 0.9646399999999243, 0.9661633333332591, 0.967383333333261, 0.9686933333332614, 0.9697966666666001, 0.9709133333332695, 0.9719299999999359, 0.9725866666666029, 0.9731233333332683, 0.9734333333332695, 0.9740666666666029, 0.9744599999999386, 0.974773333333273, 0.9752566666666073, 0.97536999999994, 0.9756799999999397, 0.9760233333332738, 0.9763499999999412, 0.9766533333332753, 0.9768266666666096, 0.9770733333332775, 0.9772666666666114, 0.9774766666666128, 0.9775433333332796, 0.9776733333332799, 0.9777866666666132, 0.9779299999999472, 0.9780233333332812, 0.9781466666666145, 0.9782633333332815, 0.9783533333332817, 0.9783766666666154, 0.9785199999999482, 0.978523333333283, 0.9786366666666155, 0.9787099999999489, 0.97878999999995, 0.9789299999999492, 0.9790633333332825, 0.9791666666666166, 0.979336666666617, 0.979343333333283, 0.9794466666666173, 0.9794666666666175, 0.979543333333285, 0.979576666666617, 0.9797233333332842, 0.9797466666666181, 0.9796933333332843, 0.9798899999999514, 0.979953333333285, 0.9800199999999515, 0.9800333333332841, 0.9801633333332844, 0.9801733333332843, 0.9802733333332848, 0.9802933333332853, 0.9803533333332851, 0.980476666666619, 0.9804899999999518, 0.9804933333332858, 0.9805866666666198, 0.980686666666619, 0.9807566666666199, 0.980829999999953, 0.9808699999999527, 0.9808166666666197, 0.9808999999999529, 0.9808899999999523, 0.9809699999999529, 0.9810066666666191, 0.9810599999999525, 0.9810199999999532, 0.9810933333332866, 0.9811433333332872, 0.9812233333332875, 0.9812199999999545, 0.9812666666666208, 0.9812966666666203, 0.9813633333332875, 0.9813566666666206, 0.9814899999999541, 0.9815133333332877, 0.9815199999999541, 0.9815933333332876, 0.9816733333332873, 0.9816633333332889, 0.9817666666666224, 0.981743333333289, 0.9817399999999566, 0.9818233333332901, 0.9818666666666229, 0.9819166666666228, 0.9819299999999559, 0.9819666666666234, 0.9820099999999565], "top5": [0.9196159999999354, 0.9337373333332627, 0.9393419999999213, 0.9429286666665857, 0.9454113333332481, 0.947881333333243, 0.949758666666582, 0.951844666666577, 0.9536166666665755, 0.9550539999999064, 0.9566679999999029, 0.9578313333332353, 0.9590346666665744, 0.9599193333332406, 0.96074866666657, 0.9615486666665718, 0.9621466666665744, 0.962603999999905, 0.9629466666665704, 0.9634699999999015, 0.9636313333332366, 0.9638679999999015, 0.9642806666665731, 0.9643793333332357, 0.9646899999999008, 0.9647819999998976, 0.9649399999999007, 0.9650739999998992, 0.9652599999999005, 0.9654926666665641, 0.9655113333332359, 0.965673999999901, 0.9657939999999011, 0.9660326666665655, 0.9661326666665682, 0.9662193333332363, 0.9662833333332354, 0.9662719999998997, 0.9664526666665665, 0.9665539999999013, 0.9665486666665687, 0.9665406666665677, 0.9666539999998995, 0.9665793333332333, 0.9668933333332307, 0.9670413333332323, 0.9669866666665643, 0.9671766666665653, 0.9670886666665641, 0.9672393333332324, 0.967351333333235, 0.9673826666665681, 0.9674853333332332, 0.9675346666665664, 0.967379333333234, 0.9677506666665652, 0.9677659999998954, 0.9679146666665638, 0.9679706666665655, 0.9680066666665657, 0.9679593333332327, 0.9681413333332324, 0.9681493333332318, 0.9683606666665653, 0.9683393333332345, 0.9684319999998996, 0.9685486666665687, 0.9686693333332338, 0.9688486666665672, 0.9687366666665658, 0.9689366666665672, 0.9689326666665696, 0.9690159999999006, 0.9690139999998985, 0.9690546666665681, 0.9690986666665673, 0.9691579999998996, 0.969223999999898, 0.9693366666665666, 0.9693573333332317, 0.9694513333332332, 0.9694579999998996, 0.969574666666566, 0.9696086666665673, 0.9696426666665652, 0.9697486666665671, 0.9697859999998988, 0.9697239999998992, 0.9698653333332331, 0.9699639999998966, 0.9699179999998964, 0.9700899999998981, 0.9700093333332291, 0.9701766666665622, 0.9701526666665635, 0.970203999999896, 0.9701573333332283, 0.9701653333332281, 0.9701859999998965, 0.9703586666665629], "top10": [0.9134916666666433, 0.9200076666666434, 0.9290763333333, 0.9331046666666325, 0.9369653333332959, 0.9406266666666266, 0.9441836666666286, 0.9474213333332926, 0.9494479999999529, 0.9517316666666151, 0.9523516666666197, 0.9527583333332869, 0.9543433333332818, 0.9541739999999487, 0.9544479999999439, 0.9548056666666158, 0.9557526666666089, 0.9562409999999422, 0.9562149999999441, 0.9566513333332743, 0.9569709999999415, 0.9570293333332762, 0.9570459999999366, 0.9573873333332764, 0.9576003333332732, 0.9576096666666133, 0.9572079999999489, 0.9574523333332782, 0.9575733333332767, 0.9576466666666092, 0.9579233333332738, 0.9581853333332716, 0.9580213333332702, 0.9581043333332727, 0.9580516666666065, 0.9581893333332726, 0.9578296666666127, 0.9580473333332751, 0.9585186666666081, 0.9584973333332757, 0.9584959999999434, 0.958093666666611, 0.9584669999999457, 0.9586863333332755, 0.9585523333332799, 0.9588543333332776, 0.9584716666666098, 0.9588593333332747, 0.9591046666666072, 0.9589866666666045, 0.9592926666666104, 0.9591176666666057, 0.9593266666666106, 0.9592809999999407, 0.9594966666666039, 0.9594606666666027, 0.9595433333332674, 0.9596223333332687, 0.9597316666666015, 0.9597433333332704, 0.9599633333332739, 0.960098333333273, 0.9600339999999391, 0.9602336666666064, 0.9603119999999397, 0.9601969999999374, 0.960161999999937, 0.9604229999999385, 0.9604599999999377, 0.9604269999999419, 0.9607073333332713, 0.9607283333332691, 0.9608329999999398, 0.9606196666666019, 0.9608066666666051, 0.9608313333332713, 0.9607953333332718, 0.9609349999999409, 0.9610106666666043, 0.9612203333332714, 0.9613153333332702, 0.9613036666666048, 0.9614919999999398, 0.9613093333332705, 0.9616706666666074, 0.9616126666666076, 0.961594666666607, 0.9614743333332725, 0.9617963333332742, 0.9619383333332732, 0.961807666666606, 0.9621963333332726, 0.9619869999999381, 0.9622453333332703, 0.9622309999999373, 0.9621789999999366, 0.9621549999999368, 0.9622479999999383, 0.9624129999999379, 0.962634333333271],