{"top1": [0.84, 0.86, 0.84, 0.82, 0.86, 0.88, 0.82, 0.84, 0.84, 0.86, 0.88, 0.78, 0.8, 0.84, 0.9, 0.78, 0.82, 0.76, 0.84, 0.82, 0.72, 0.9, 0.78, 0.92, 0.9, 0.84, 0.74, 0.86, 0.82, 0.82], "top5": [0.808, 0.672, 0.744, 0.696, 0.668, 0.688, 0.744, 0.672, 0.696, 0.684, 0.696, 0.692, 0.756, 0.744, 0.66, 0.668, 0.708, 0.584, 0.664, 0.72, 0.58, 0.744, 0.64, 0.784, 0.696, 0.712, 0.62, 0.728, 0.704, 0.6], "top10": [0.778, 0.644, 0.716, 0.692, 0.668, 0.658, 0.728, 0.658, 0.64, 0.622, 0.692, 0.652, 0.706, 0.708, 0.608, 0.712, 0.694, 0.554, 0.594, 0.69, 0.532, 0.676, 0.64, 0.736, 0.688, 0.674, 0.56, 0.688, 0.668, 0.564], "kendal": [0.8048253728193516, 0.7491316008816892, 0.7655725369758893, 0.7532486049982925, 0.7538249385768055, 0.7578581798135259, 0.769927108812439, 0.7559454915188181, 0.7640898119705103, 0.7673850760901261, 0.7752679471208671, 0.7595566743274679, 0.7929996376152103, 0.785807918767866, 0.7621150832288441, 0.7534420535615229, 0.7762526044448229, 0.7396761223682586, 0.7513954320936281, 0.7883464553712283, 0.7320466105183915, 0.7721186871799247, 0.7489539285267726, 0.7973967648293308, 0.7687520183314851, 0.7628778339585812, 0.728908237225494, 0.7651209514470758, 0.7580777502678631, 0.7255990582122335], "time": [0.3784642219543457, 0.3652989864349365, 0.3938918113708496, 0.36564087867736816, 0.38510847091674805, 0.389249324798584, 0.3959922790527344, 0.3897573947906494, 0.3736402988433838, 0.4102442264556885, 0.4616053104400635, 0.3998453617095947, 0.3779335021972656, 0.3814084529876709, 0.3676726818084717, 0.37651610374450684, 0.34847259521484375, 0.3481447696685791, 0.3443572521209717, 0.3862278461456299, 0.3679697513580322, 0.3938767910003662, 0.3873023986816406, 0.33622074127197266, 0.36890482902526855, 0.36257266998291016, 0.4033677577972412, 0.3971869945526123, 0.39070653915405273, 0.38714003562927246]}