{"bce": [0.6928015250712504, 0.6927993224486673, 0.6927988183709088, 0.6927985907374936, 0.692798992629396, 0.6927985669058435, 0.6927985153356662, 0.6927987948468095, 0.6927986839192812, 0.6927984979546156, 0.6927982635666962, 0.6927981418782271, 0.6927982210400571, 0.6927982366373199, 0.6927982987722772, 0.6927983201229279, 0.6927985803588065, 0.6927981023783853, 0.6927979732934825, 0.6927979791945086, 0.692798557935617, 0.6927980451227063, 0.6927982907052592, 0.6927984821732128, 0.6927980242889871, 0.6927982693022096, 0.6927985836648168, 0.6927983825630953, 0.6927984308435122, 0.6927980335513584, 0.6927979753705734, 0.6927981584988389, 0.6927982616899044, 0.6927984037319177, 0.6927983212551411, 0.692797771886449, 0.692797945542197, 0.6927982382568089, 0.6927979895237014, 0.6927981771260232, 0.6927987000760375, 0.6927978730719676, 0.6927982571950202, 0.6927982196030652, 0.6927983111307636, 0.6927981454575067, 0.692797920577749, 0.6927981131572104, 0.6927981854696441, 0.6927979940024717, 0.6927979921669464, 0.6927983089580867, 0.6927979995140219, 0.6927981068429592, 0.6927978773019668, 0.6927979343546449, 0.6927988267349479, 0.6927981384235387, 0.6927983723676026, 0.6927981274918459, 0.692797978622453, 0.6927982100278546, 0.6927978837335201, 0.692798033867423, 0.6927981411160486, 0.6927982437210655, 0.6927981983223948, 0.6927983100910855, 0.6927981440068832, 0.6927981524197157, 0.6927978208613297, 0.6927978687633876, 0.6927985741667168, 0.6927981171735464, 0.6927982496767623, 0.692797935601925, 0.6927983774923543, 0.692798703690427, 0.6927980228662545, 0.6927988336244749, 0.6927979753790019, 0.6927980417521853, 0.6927980871016576, 0.6927979903238684, 0.6927981239374834, 0.6927983014942437, 0.6927979846001324, 0.6927981727245783, 0.6927981629504464, 0.6927982212331945, 0.6927982491405109, 0.6927979424500836, 0.6927977648903594, 0.6927985575186456, 0.6927983645386289, 0.6927984269379569, 0.6927980722811234, 0.6927980645639374, 0.6927979635137275, 0.692798186132175], "top1": [0.89385, 0.91455, 0.9156, 0.9166, 0.9171, 0.91705, 0.91775, 0.91775, 0.918, 0.9167, 0.9166, 0.91825, 0.9182, 0.9181, 0.9174, 0.9182, 0.9171, 0.9177, 0.91875, 0.9179, 0.9182, 0.9184, 0.92035, 0.919, 0.9189, 0.9183, 0.91855, 0.9189, 0.91835, 0.91895, 0.9186, 0.91965, 0.9199, 0.91935, 0.92025, 0.91955, 0.9209, 0.92025, 0.92105, 0.9208, 0.9198, 0.921, 0.91995, 0.9206, 0.9209, 0.9209, 0.92155, 0.9218, 0.92155, 0.92155, 0.92235, 0.92155, 0.9221, 0.9216, 0.9216, 0.9218, 0.9224, 0.9216, 0.9217, 0.9218, 0.92185, 0.92225, 0.9226, 0.92245, 0.92205, 0.922, 0.9224, 0.9223, 0.92255, 0.922, 0.92235, 0.92285, 0.92225, 0.923, 0.9224, 0.92265, 0.92275, 0.9233, 0.92255, 0.92285, 0.92345, 0.9225, 0.92245, 0.923, 0.9232, 0.92325, 0.9225, 0.9221, 0.92295, 0.9229, 0.92245, 0.92295, 0.92245, 0.92275, 0.9227, 0.92175, 0.92165, 0.9224, 0.9229, 0.9226], "top5": [0.9401899999999181, 0.9571299999999324, 0.9598199999999347, 0.9602299999999346, 0.9606199999999361, 0.9609499999999365, 0.9610999999999366, 0.960989999999936, 0.960999999999936, 0.9609199999999363, 0.9610999999999366, 0.9611599999999353, 0.9611399999999367, 0.9612799999999369, 0.9615499999999365, 0.9615799999999365, 0.9615999999999367, 0.9616899999999369, 0.9617699999999364, 0.9616999999999364, 0.9618899999999371, 0.9618399999999365, 0.9618099999999365, 0.9618299999999382, 0.9620499999999372, 0.9618099999999371, 0.9618799999999377, 0.961999999999938, 0.9620399999999374, 0.961829999999937, 0.9621299999999383, 0.9619799999999376, 0.9620799999999373, 0.9621499999999376, 0.9620499999999383, 0.9619099999999376, 0.9618899999999375, 0.9623199999999379, 0.9620399999999382, 0.9621599999999378, 0.9620699999999375, 0.9621499999999381, 0.9621999999999381, 0.9621699999999382, 0.9622199999999385, 0.9621299999999379, 0.9622099999999382, 0.9622899999999383, 0.9621999999999385, 0.9622599999999384, 0.9624099999999386, 0.9624999999999387, 0.962259999999938, 0.9624299999999383, 0.9625399999999389, 0.9627599999999391, 0.9624399999999383, 0.9625099999999389, 0.9625199999999388, 0.9624499999999385, 0.9625299999999386, 0.9623299999999383, 0.9624999999999383, 0.9623699999999384, 0.9626499999999388, 0.9624899999999385, 0.9625699999999386, 0.9624299999999388, 0.9626299999999386, 0.9622599999999382, 0.962579999999939, 0.9624899999999387, 0.9624099999999386, 0.9624799999999383, 0.9625499999999387, 0.9627499999999389, 0.9625199999999388, 0.9627699999999386, 0.9624199999999385, 0.9625499999999391, 0.9624799999999388, 0.9623899999999381, 0.9626999999999393, 0.9624999999999383, 0.9625299999999385, 0.9626199999999387, 0.9626599999999386, 0.9626099999999387, 0.962499999999938, 0.9625399999999384, 0.9628299999999382, 0.9625499999999385, 0.9625499999999385, 0.9627699999999386, 0.9626399999999387, 0.9626299999999385, 0.9625799999999388, 0.9625499999999382, 0.9625099999999387, 0.9625499999999382], "top10": [0.9452199999999596, 0.9596449999999781, 0.9613999999999809, 0.9622149999999813, 0.9622499999999825, 0.9625649999999827, 0.9626949999999824, 0.9628699999999816, 0.9628949999999823, 0.9632249999999835, 0.9632049999999835, 0.9631549999999836, 0.9634999999999847, 0.9635399999999843, 0.9637099999999851, 0.9637599999999856, 0.9637949999999855, 0.9637249999999856, 0.9637749999999854, 0.9637249999999862, 0.9637849999999859, 0.9638749999999864, 0.9636399999999852, 0.9637149999999867, 0.9639749999999864, 0.9637299999999864, 0.9637549999999866, 0.9637749999999858, 0.9637699999999859, 0.9637649999999865, 0.9638849999999854, 0.9637899999999862, 0.9638899999999859, 0.9639099999999872, 0.9638599999999855, 0.9637899999999848, 0.9637899999999868, 0.9639699999999861, 0.9637149999999852, 0.9639949999999854, 0.9639699999999864, 0.9639249999999865, 0.9639299999999855, 0.9640399999999859, 0.9637999999999847, 0.9639899999999861, 0.9640199999999857, 0.9641149999999862, 0.9640299999999857, 0.9641949999999866, 0.9641049999999867, 0.964074999999986, 0.9641799999999859, 0.9641099999999863, 0.9640049999999858, 0.9640799999999857, 0.9641249999999861, 0.9641049999999856, 0.9642049999999858, 0.9640849999999851, 0.9640149999999849, 0.9640049999999853, 0.9640549999999861, 0.9639399999999853, 0.9641149999999851, 0.9640399999999844, 0.9641799999999848, 0.9639849999999837, 0.9641149999999845, 0.9640349999999854, 0.9641699999999842, 0.9640999999999845, 0.9641249999999846, 0.9641299999999845, 0.9640899999999841, 0.9640899999999841, 0.9641699999999839, 0.9640649999999837, 0.964169999999985, 0.9641199999999837, 0.964304999999985, 0.964189999999984, 0.964094999999984, 0.9641299999999854, 0.9640899999999841, 0.9641949999999859, 0.9641499999999845, 0.9641199999999844, 0.9640999999999836, 0.9641199999999844, 0.9642149999999848, 0.9641599999999853, 0.9641949999999851, 0.9642499999999851, 0.964239999999985, 0.9642949999999851, 0.9641749999999847, 0.9641699999999852, 0.9640599999999849, 0.9640599999999847],