{"top1": [0.98, 0.96, 0.98, 0.96, 0.98, 1.0, 0.98, 0.98, 0.96, 0.98, 0.98, 0.96, 0.98, 0.98, 0.96, 0.98, 0.98, 0.94, 0.98, 0.98, 0.92, 0.98, 0.96, 1.0, 0.98, 1.0, 0.96, 0.96, 0.98, 0.96], "top5": [0.972, 0.952, 0.964, 0.956, 0.968, 0.964, 0.968, 0.964, 0.972, 0.964, 0.96, 0.968, 0.96, 0.972, 0.976, 0.96, 0.968, 0.944, 0.952, 0.96, 0.964, 0.96, 0.944, 0.964, 0.964, 0.968, 0.968, 0.964, 0.96, 0.948], "top10": [0.962, 0.958, 0.956, 0.954, 0.97, 0.958, 0.946, 0.946, 0.96, 0.956, 0.954, 0.962, 0.958, 0.962, 0.964, 0.962, 0.958, 0.958, 0.958, 0.972, 0.958, 0.966, 0.954, 0.962, 0.958, 0.958, 0.95, 0.968, 0.97, 0.948], "kendal": [0.8252792958591718, 0.8128739347869574, 0.8138890178035607, 0.8137374674934987, 0.803418123624725, 0.8135996799359873, 0.8138877375475094, 0.811473174634927, 0.8100637727545509, 0.8236485697139427, 0.8219413482696539, 0.8049134626925385, 0.8363304660932186, 0.8209361872374475, 0.8141305061012203, 0.8074723744748951, 0.8153392278455691, 0.8030350070014003, 0.8209317063412682, 0.8258565313062612, 0.7929401880376075, 0.8185717143428686, 0.8178968593718744, 0.8185379475895179, 0.8219355871174235, 0.8093684336867374, 0.8032481696339269, 0.8166457291458292, 0.8187576715343069, 0.7981153030606121], "time": [0.4727613925933838, 0.3960127830505371, 0.35710859298706055, 0.36421895027160645, 0.39488720893859863, 0.35677671432495117, 0.36442017555236816, 0.3649284839630127, 0.3760061264038086, 0.37084126472473145, 0.39989161491394043, 0.352128267288208, 0.37342262268066406, 0.3766517639160156, 0.37229299545288086, 0.416079044342041, 0.3786497116088867, 0.3747434616088867, 0.37386322021484375, 0.35912179946899414, 0.37896299362182617, 0.38016486167907715, 0.40056586265563965, 0.3736546039581299, 0.37213683128356934, 0.3663170337677002, 0.4030025005340576, 0.381253719329834, 0.3955087661743164, 0.3941032886505127]}