{"top1": [0.3, 0.3, 0.2, 0.36, 0.42, 0.4, 0.16, 0.38, 0.16, 0.36, 0.18, 0.2, 0.18, 0.2, 0.34, 0.26, 0.24, 0.16, 0.18, 0.2, 0.28, 0.32, 0.18, 0.16, 0.32, 0.28, 0.16, 0.34, 0.34, 0.26], "top5": [0.204, 0.248, 0.2, 0.272, 0.256, 0.276, 0.2, 0.232, 0.208, 0.192, 0.236, 0.212, 0.236, 0.212, 0.252, 0.232, 0.196, 0.256, 0.196, 0.228, 0.236, 0.24, 0.192, 0.236, 0.228, 0.268, 0.252, 0.232, 0.244, 0.284], "top10": [0.26, 0.27, 0.234, 0.31, 0.296, 0.274, 0.256, 0.294, 0.298, 0.246, 0.294, 0.284, 0.3, 0.27, 0.28, 0.234, 0.266, 0.296, 0.286, 0.286, 0.242, 0.28, 0.268, 0.288, 0.258, 0.28, 0.308, 0.312, 0.33, 0.3], "kendal": [0.17942918315784367, 0.22088049908131696, 0.1970832883577236, 0.20546278887054018, 0.21926607494239916, 0.20971825798365337, 0.18753046118701414, 0.21386948953079543, 0.20761321186221762, 0.20874333610433718, 0.21798894824083317, 0.2096948049724588, 0.20486447681583925, 0.20905651839054457, 0.20849111626809377, 0.20434973325428216, 0.20758479430829796, 0.210904467807377, 0.21699399565938832, 0.20070052217447362, 0.21813057388205417, 0.18626385363896186, 0.21392944704107547, 0.21353544798665408, 0.1971508068572429, 0.1876845615897007, 0.20278642572635974, 0.21175995798203137, 0.2221480792086668, 0.20560272816369013], "time": [0.0422060489654541, 0.04042673110961914, 0.03777432441711426, 0.03800630569458008, 0.038761138916015625, 0.03810310363769531, 0.03679203987121582, 0.03831958770751953, 0.04873538017272949, 0.04368925094604492, 0.045606136322021484, 0.04060101509094238, 0.04457426071166992, 0.046751976013183594, 0.042654991149902344, 0.04165172576904297, 0.0419619083404541, 0.04259920120239258, 0.04273843765258789, 0.0494537353515625, 0.04032707214355469, 0.03814363479614258, 0.045265913009643555, 0.04874682426452637, 0.03723621368408203, 0.041060686111450195, 0.03897905349731445, 0.044272422790527344, 0.04333138465881348, 0.042732954025268555]}