{"top1": [0.26, 0.28, 0.16, 0.34, 0.36, 0.36, 0.18, 0.36, 0.16, 0.34, 0.16, 0.22, 0.2, 0.18, 0.34, 0.26, 0.22, 0.16, 0.2, 0.26, 0.34, 0.32, 0.18, 0.16, 0.32, 0.3, 0.18, 0.32, 0.32, 0.26], "top5": [0.22, 0.224, 0.224, 0.26, 0.24, 0.24, 0.208, 0.256, 0.184, 0.196, 0.236, 0.224, 0.236, 0.232, 0.236, 0.212, 0.204, 0.268, 0.212, 0.224, 0.22, 0.252, 0.208, 0.224, 0.208, 0.244, 0.228, 0.232, 0.252, 0.244], "top10": [0.27, 0.248, 0.236, 0.288, 0.278, 0.264, 0.252, 0.288, 0.246, 0.256, 0.264, 0.254, 0.282, 0.252, 0.268, 0.254, 0.268, 0.284, 0.262, 0.296, 0.274, 0.284, 0.28, 0.27, 0.24, 0.24, 0.284, 0.282, 0.268, 0.262], "kendal": [0.09180099141156915, 0.10309574280114617, 0.11134322617991761, 0.10394347165515021, 0.10596590820088962, 0.11896114334280604, 0.10241442323591458, 0.11112944243288553, 0.09316207148069518, 0.12150132635014466, 0.1176987812104441, 0.09588987877010764, 0.10520316044951383, 0.09580325365161511, 0.11764591171230825, 0.1068896057062313, 0.09432018130823122, 0.10675997914579168, 0.11274022832430816, 0.11782584946613535, 0.0963094959591208, 0.09607499267909989, 0.11436500488231142, 0.11180650259484483, 0.0803163745854204, 0.10075644855301079, 0.10060752577850314, 0.1116171119220348, 0.10349354079323653, 0.09360713847760362], "time": [6.55325722694397, 6.8792641162872314, 6.984665393829346, 6.949022531509399, 7.081160545349121, 6.902318954467773, 6.7916343212127686, 7.026589632034302, 6.780432462692261, 6.812736988067627, 6.926751375198364, 6.9044599533081055, 6.52326512336731, 6.652676343917847, 6.9625608921051025, 7.0289976596832275, 7.056598663330078, 7.062914848327637, 6.975498199462891, 6.60537052154541, 7.365108251571655, 6.7845447063446045, 6.872784376144409, 6.567609071731567, 6.820855379104614, 6.92012357711792, 7.225678443908691, 6.7207536697387695, 7.386694431304932, 7.2745866775512695]}