{"top1": [0.26, 0.28, 0.16, 0.34, 0.36, 0.36, 0.18, 0.36, 0.16, 0.34, 0.16, 0.22, 0.2, 0.18, 0.34, 0.26, 0.22, 0.16, 0.2, 0.26, 0.34, 0.32, 0.18, 0.16, 0.32, 0.3, 0.18, 0.32, 0.32, 0.26], "top5": [0.22, 0.224, 0.224, 0.26, 0.24, 0.24, 0.208, 0.256, 0.184, 0.196, 0.236, 0.224, 0.236, 0.232, 0.236, 0.212, 0.204, 0.268, 0.212, 0.224, 0.22, 0.252, 0.208, 0.224, 0.208, 0.244, 0.228, 0.232, 0.252, 0.244], "top10": [0.27, 0.248, 0.236, 0.288, 0.276, 0.264, 0.252, 0.288, 0.246, 0.256, 0.264, 0.254, 0.282, 0.252, 0.268, 0.254, 0.268, 0.284, 0.262, 0.292, 0.274, 0.284, 0.28, 0.27, 0.24, 0.24, 0.284, 0.282, 0.268, 0.262], "kendal": [0.09180099141156915, 0.10309574280114617, 0.11134322617991761, 0.10394347165515021, 0.10596590820088962, 0.11896114334280602, 0.10241442323591458, 0.11112944243288553, 0.09316207148069519, 0.12150132635014466, 0.11769878121044408, 0.09588987877010764, 0.10520316044951382, 0.09580325365161513, 0.11764591171230826, 0.1068896057062313, 0.09432018130823124, 0.10675997914579168, 0.11274022832430816, 0.11782584946613535, 0.0963094959591208, 0.09607499267909989, 0.11436500488231142, 0.11180650259484483, 0.08031637458542039, 0.1007564485530108, 0.10060752577850315, 0.11161711192203477, 0.10349354079323651, 0.09360713847760362], "time": [6.309609889984131, 6.582550525665283, 6.559737920761108, 6.687640190124512, 6.558786392211914, 6.608996868133545, 6.486001491546631, 6.590278387069702, 6.379399061203003, 6.459041118621826, 6.3920886516571045, 6.5409417152404785, 6.090481996536255, 6.2599098682403564, 6.523690462112427, 6.619128227233887, 6.615506649017334, 6.557355165481567, 6.584087133407593, 6.3657708168029785, 6.97356915473938, 6.426800966262817, 6.549353837966919, 6.3876917362213135, 6.434545993804932, 6.478598356246948, 6.789480686187744, 6.294948577880859, 6.483708143234253, 6.736493349075317]}