{"top1": [0.34, 0.28, 0.26, 0.3, 0.2, 0.32, 0.34, 0.2, 0.24, 0.14, 0.22, 0.34, 0.4, 0.38, 0.2, 0.16, 0.26, 0.1, 0.18, 0.42, 0.4, 0.26, 0.28, 0.22, 0.4, 0.4, 0.18, 0.28, 0.26, 0.2], "top5": [0.372, 0.368, 0.4, 0.364, 0.312, 0.348, 0.288, 0.32, 0.328, 0.312, 0.316, 0.344, 0.316, 0.336, 0.32, 0.332, 0.344, 0.34, 0.332, 0.32, 0.46, 0.356, 0.304, 0.284, 0.324, 0.364, 0.312, 0.308, 0.312, 0.344], "top10": [0.326, 0.302, 0.34, 0.32, 0.3, 0.316, 0.296, 0.318, 0.302, 0.308, 0.324, 0.3, 0.282, 0.31, 0.308, 0.3, 0.31, 0.344, 0.316, 0.302, 0.348, 0.3, 0.298, 0.256, 0.304, 0.328, 0.314, 0.308, 0.284, 0.312], "kendal": [0.19273437231458082, 0.15318161195547966, 0.1931081404970022, 0.17143128528080412, 0.18028116586559623, 0.16810342065319925, 0.1796212888919874, 0.16976704554695232, 0.16878109571708766, 0.17949430836329466, 0.16191742540904158, 0.16113761863452272, 0.15837333564093026, 0.1721998272362026, 0.16841385001906362, 0.17092479674329417, 0.17333196671175372, 0.1734528497575198, 0.1673770999552974, 0.15711571528214002, 0.18063928695772502, 0.17073048731940135, 0.17638467273074218, 0.1636176923419715, 0.1766152234240377, 0.17156081607821622, 0.16753093764735952, 0.1773277313387137, 0.16117852083091122, 0.16973041771660446], "time": [0.029668331146240234, 0.031209468841552734, 0.034005165100097656, 0.0329434871673584, 0.032320499420166016, 0.032465219497680664, 0.03358960151672363, 0.03134965896606445, 0.03253459930419922, 0.032637834548950195, 0.03208208084106445, 0.03235912322998047, 0.03343057632446289, 0.032323360443115234, 0.03402137756347656, 0.03404545783996582, 0.033312082290649414, 0.03384518623352051, 0.03297996520996094, 0.03258705139160156, 0.03350377082824707, 0.03361010551452637, 0.032918691635131836, 0.0330662727355957, 0.03377938270568848, 0.03502941131591797, 0.031369924545288086, 0.031170368194580078, 0.033838510513305664, 0.032032012939453125]}