{"top1": [0.26, 0.28, 0.2, 0.38, 0.36, 0.36, 0.16, 0.3, 0.18, 0.36, 0.12, 0.18, 0.16, 0.22, 0.38, 0.22, 0.26, 0.16, 0.18, 0.22, 0.3, 0.3, 0.18, 0.16, 0.3, 0.3, 0.2, 0.3, 0.36, 0.24], "top5": [0.172, 0.224, 0.164, 0.216, 0.216, 0.208, 0.164, 0.188, 0.18, 0.184, 0.2, 0.176, 0.212, 0.22, 0.236, 0.184, 0.204, 0.232, 0.168, 0.216, 0.192, 0.192, 0.16, 0.196, 0.18, 0.204, 0.244, 0.208, 0.268, 0.228], "top10": [0.174, 0.226, 0.172, 0.232, 0.184, 0.194, 0.206, 0.224, 0.236, 0.17, 0.196, 0.216, 0.22, 0.216, 0.242, 0.172, 0.192, 0.2, 0.158, 0.23, 0.19, 0.162, 0.268, 0.234, 0.18, 0.218, 0.268, 0.22, 0.256, 0.24], "kendal": [0.17127017155343946, 0.17703585148899717, 0.15518139383767285, 0.1694116272806766, 0.14924235204234296, 0.1412742558314885, 0.16298319352776658, 0.18963797885366634, 0.16970196142514846, 0.17949077120785015, 0.15682918334879786, 0.1693145719504107, 0.19265580746157906, 0.16538452390745312, 0.1938546103044776, 0.1624202381682935, 0.18192683094945533, 0.17525480737525856, 0.17804751470633592, 0.1646905135607819, 0.16340846943414583, 0.16628453182019046, 0.17292345166953946, 0.17258987042111612, 0.1680443555663458, 0.15940292983370494, 0.17601985904602876, 0.17718850620552104, 0.18179575648519158, 0.1680239772468318], "time": [0.06544923782348633, 0.03708362579345703, 0.038152217864990234, 0.037908315658569336, 0.03925585746765137, 0.03633880615234375, 0.03720355033874512, 0.03814077377319336, 0.037900686264038086, 0.04477524757385254, 0.038495540618896484, 0.037198543548583984, 0.04028797149658203, 0.03919839859008789, 0.037650108337402344, 0.037729740142822266, 0.03777050971984863, 0.03702902793884277, 0.03681445121765137, 0.039962053298950195, 0.03861641883850098, 0.03740549087524414, 0.038938045501708984, 0.03882861137390137, 0.03768134117126465, 0.03739190101623535, 0.0410611629486084, 0.036501407623291016, 0.033927202224731445, 0.036232948303222656]}