{"top1": [0.96, 0.92, 0.94, 0.9, 0.94, 0.94, 0.94, 0.94, 0.88, 0.94, 0.92, 0.94, 0.94, 0.98, 0.92, 0.92, 0.92, 0.9, 0.96, 0.96, 0.94, 0.88, 0.94, 0.96, 0.94, 0.96, 0.92, 0.88, 0.9, 0.96], "top5": [0.916, 0.856, 0.892, 0.884, 0.916, 0.876, 0.912, 0.9, 0.892, 0.888, 0.888, 0.884, 0.88, 0.9, 0.892, 0.9, 0.864, 0.884, 0.864, 0.864, 0.904, 0.884, 0.86, 0.9, 0.904, 0.912, 0.856, 0.928, 0.88, 0.86], "top10": [0.888, 0.86, 0.858, 0.868, 0.878, 0.9, 0.856, 0.856, 0.862, 0.87, 0.878, 0.872, 0.89, 0.894, 0.85, 0.866, 0.886, 0.848, 0.856, 0.898, 0.84, 0.884, 0.864, 0.892, 0.868, 0.868, 0.848, 0.864, 0.86, 0.836], "kendal": [0.7241091418283657, 0.7008240048009602, 0.7052791358271654, 0.7098566913382677, 0.6963581516303261, 0.7130874174834967, 0.7159103820764152, 0.7042704540908182, 0.7029177035407081, 0.7178234046809362, 0.7111495899179836, 0.7025453090618125, 0.7309887577515503, 0.7146755751150231, 0.7091925585117024, 0.70209849969994, 0.7026477295459091, 0.7010632526505302, 0.7074669333866773, 0.7174097219443889, 0.6892172034406882, 0.7082800560112023, 0.7078105221044209, 0.7186579715943189, 0.7107375075015003, 0.7073840368073615, 0.6948776955391078, 0.7097968393678736, 0.7072403280656132, 0.697443648729746], "time": [0.4553074836730957, 0.3748173713684082, 0.37396240234375, 0.3810582160949707, 0.3460385799407959, 0.351168155670166, 0.3674285411834717, 0.3595597743988037, 0.34416651725769043, 0.3394043445587158, 0.35688233375549316, 0.3581044673919678, 0.3774080276489258, 0.3833122253417969, 0.3518507480621338, 0.36970019340515137, 0.32672619819641113, 0.40607190132141113, 0.49613428115844727, 0.4131793975830078, 0.3921468257904053, 0.3593893051147461, 0.3683755397796631, 0.3384556770324707, 0.3479306697845459, 0.347698450088501, 0.36322879791259766, 0.3450753688812256, 0.3415536880493164, 0.3608882427215576]}