{"bce": [0.6930637621022454, 0.6930630730199845, 0.6930627708857297, 0.6930626325488483, 0.69306257028826, 0.6930626243499703, 0.6930627500940939, 0.6930625080489953, 0.6930625637515861, 0.6930623570579776, 0.6930626415180241, 0.6930623833509891, 0.6930625053661419, 0.693062302399435, 0.6930624301560304, 0.69306251355782, 0.6930624789914974, 0.6930624342669619, 0.6930623270522817, 0.6930624500257455, 0.6930624388505771, 0.6930625433389517, 0.6930623856240788, 0.6930624527665765, 0.6930623935295953, 0.6930623822398574, 0.6930620941270661, 0.6930623403914642, 0.6930623337701143, 0.693062290845145, 0.6930627267846005, 0.6930625590534267, 0.6930626065850771, 0.6930624785479688, 0.6930623024782809, 0.6930624468654866, 0.693062551837755, 0.6930626063194347, 0.6930622614562066, 0.6930624894069606, 0.693062430277249, 0.6930623314254831, 0.693062401490379, 0.6930624594217663, 0.6930624871475262, 0.693062380812361, 0.6930623110313646, 0.6930621420805902, 0.693062236854229, 0.6930625200710827, 0.6930625117271704, 0.6930622742718652, 0.693062487799444, 0.693062422392884, 0.693062332229065, 0.6930625306281094, 0.6930624521951251, 0.6930623364100698, 0.6930624026249217, 0.6930624887922238, 0.6930624524221789, 0.69306235899815, 0.6930624100065564, 0.6930624148593839, 0.6930624402385355, 0.6930623785417415, 0.6930625106812913, 0.6930624130219666, 0.6930623318297866, 0.6930622370206599, 0.6930622607858782, 0.6930622939040294, 0.6930622236571129, 0.6930623027570874, 0.6930624877807865, 0.6930622932617948, 0.693062476162147, 0.6930624302357631, 0.6930621349821802, 0.6930625083270786, 0.6930622328699424, 0.6930625534039812, 0.6930624741245108, 0.6930624173560405, 0.693062272016975, 0.6930624125506276, 0.6930624352620935, 0.6930623290559026, 0.6930625395380483, 0.6930622291844448, 0.6930624810684793, 0.6930623554437171, 0.6930623526128397, 0.6930623144254489, 0.693062504013131, 0.6930624236814661, 0.6930624384349396, 0.6930623781404295, 0.6930626013354882, 0.6930624619231391], "top1": [0.90265, 0.9318, 0.9439, 0.95215, 0.9571, 0.95995, 0.9613, 0.96245, 0.9629, 0.964, 0.9648, 0.9655, 0.96535, 0.96615, 0.96685, 0.9671, 0.9668, 0.9673, 0.9681, 0.9685, 0.96865, 0.96895, 0.96895, 0.96925, 0.96935, 0.9691, 0.96925, 0.96935, 0.9697, 0.96995, 0.97005, 0.97085, 0.97055, 0.97065, 0.9708, 0.9707, 0.97065, 0.9708, 0.97075, 0.9706, 0.97075, 0.97085, 0.9709, 0.9711, 0.97085, 0.9711, 0.9712, 0.9713, 0.97155, 0.97105, 0.97145, 0.97155, 0.9713, 0.9718, 0.9717, 0.9719, 0.972, 0.9725, 0.9725, 0.9723, 0.97235, 0.97275, 0.9728, 0.97255, 0.9727, 0.97295, 0.973, 0.97305, 0.97335, 0.9729, 0.97245, 0.9726, 0.9728, 0.9728, 0.9729, 0.97305, 0.97325, 0.97315, 0.97285, 0.97325, 0.9732, 0.97335, 0.97305, 0.97295, 0.97345, 0.97355, 0.9729, 0.9732, 0.97305, 0.97325, 0.97315, 0.9734, 0.9733, 0.9733, 0.9733, 0.9734, 0.9733, 0.9737, 0.97345, 0.97355], "top5": [0.9393399999999159, 0.9518599999999274, 0.9594799999999349, 0.96410999999994, 0.966259999999943, 0.9674199999999453, 0.9682799999999463, 0.968729999999947, 0.9695899999999481, 0.9704399999999492, 0.9710699999999497, 0.9718399999999506, 0.9723799999999517, 0.9728099999999529, 0.9731199999999529, 0.9733899999999536, 0.9737799999999541, 0.9740299999999544, 0.9743999999999551, 0.974469999999955, 0.9744599999999549, 0.9746299999999548, 0.9747599999999554, 0.9748299999999556, 0.9748499999999553, 0.9749699999999555, 0.9751299999999559, 0.9751799999999563, 0.9752799999999561, 0.9752499999999562, 0.9752699999999562, 0.9754699999999566, 0.9754099999999566, 0.9754999999999567, 0.9754799999999565, 0.9756299999999568, 0.9755599999999569, 0.9755999999999568, 0.9758199999999572, 0.9758999999999575, 0.9758199999999569, 0.9759799999999573, 0.9758999999999575, 0.9759199999999575, 0.9760299999999579, 0.9760299999999579, 0.9761299999999579, 0.9761399999999577, 0.9761899999999579, 0.976199999999958, 0.9762399999999581, 0.9763299999999581, 0.976319999999958, 0.9763799999999585, 0.9764199999999582, 0.9763799999999583, 0.9763399999999581, 0.9764899999999583, 0.9765899999999587, 0.9765299999999585, 0.9765799999999586, 0.9766699999999586, 0.976639999999959, 0.9766799999999588, 0.9767299999999587, 0.9767699999999587, 0.9769099999999591, 0.9771099999999595, 0.9769999999999591, 0.977079999999959, 0.9768999999999587, 0.9769399999999586, 0.9769999999999589, 0.9769699999999588, 0.9771199999999591, 0.9770599999999595, 0.9772099999999593, 0.9772499999999592, 0.9771299999999593, 0.9772299999999594, 0.9771399999999593, 0.9773099999999598, 0.9772399999999598, 0.9774199999999602, 0.9772899999999598, 0.9773699999999599, 0.9773999999999597, 0.9774699999999599, 0.9773799999999601, 0.9775399999999603, 0.97749999999996, 0.9774799999999603, 0.9774999999999602, 0.9774999999999602, 0.9776499999999604, 0.9774999999999604, 0.9776499999999604, 0.9775599999999602, 0.9776099999999603, 0.9777399999999605], "top10": [0.937594999999951, 0.9500949999999629, 0.9570749999999747, 0.9603999999999789, 0.9620799999999808, 0.9629999999999829, 0.9637199999999825, 0.9643949999999826, 0.9653349999999842, 0.9661549999999858, 0.9666699999999854, 0.9670349999999865, 0.9675649999999889, 0.9681349999999896, 0.968419999999989, 0.9687999999999892, 0.9690599999999897, 0.9693699999999899, 0.9694999999999915, 0.9697099999999922, 0.969869999999992, 0.9698399999999919, 0.9700949999999923, 0.9699999999999911, 0.9702449999999911, 0.9703299999999917, 0.9704799999999913, 0.9705299999999925, 0.9707999999999927, 0.9707899999999927, 0.9708399999999928, 0.9708399999999925, 0.9709549999999919, 0.9710699999999924, 0.9711199999999927, 0.9711749999999927, 0.9711549999999932, 0.9711349999999928, 0.9712299999999937, 0.9713149999999944, 0.9713399999999945, 0.9714399999999943, 0.9715399999999945, 0.9715449999999942, 0.9716349999999944, 0.9716399999999943, 0.9718499999999943, 0.9718899999999941, 0.9719049999999947, 0.9719149999999946, 0.9719399999999938, 0.9719649999999942, 0.9719749999999938, 0.9720849999999936, 0.9719649999999934, 0.9720199999999933, 0.9720899999999938, 0.9721449999999939, 0.9721949999999939, 0.972129999999994, 0.9721199999999937, 0.9722849999999946, 0.9723149999999948, 0.9721749999999941, 0.9722049999999939, 0.9723149999999939, 0.9722899999999941, 0.9723599999999945, 0.9723799999999947, 0.9723899999999945, 0.9723399999999945, 0.9724149999999947, 0.9724849999999946, 0.9724349999999944, 0.9723849999999944, 0.9724499999999947, 0.9725249999999956, 0.9725649999999958, 0.9725849999999955, 0.9725499999999956, 0.972594999999995, 0.9725399999999954, 0.9725349999999955, 0.9726399999999956, 0.9727149999999958, 0.9726749999999958, 0.9727849999999953, 0.9727949999999953, 0.9728199999999956, 0.9728249999999956, 0.9728149999999954, 0.9728499999999962, 0.9729199999999957, 0.9726999999999952, 0.9728899999999958, 0.9729249999999956, 0.9730049999999956, 0.972864999999996, 0.9729249999999955, 0.9729549999999954],