{"mse": [8.262257564022466e-05, 8.564927381376627e-06, 3.1288258099847426e-06, 2.553951584800196e-06, 2.455564051426824e-06, 2.2156499395800744e-06, 1.8690805151412999e-06, 1.6465665624671781e-06, 1.4465235846072867e-06, 1.3033790839101737e-06, 1.2269481112636343e-06, 1.1733980005432639e-06, 1.1390569696146676e-06, 1.100033864959493e-06, 1.0831818274641648e-06, 1.081395262986921e-06, 1.1094400357033484e-06, 1.1493065055803969e-06, 1.1546598901468384e-06, 1.1819096630931097e-06, 1.1734481925838289e-06, 1.2010781516163116e-06, 1.1913360988048863e-06, 1.2009769251127802e-06, 1.2038322388620547e-06, 1.2033225135831074e-06, 1.1914367436761372e-06, 1.1982629162095409e-06, 1.1911130203835494e-06, 1.1825979064086067e-06, 1.1608220617019144e-06, 1.1545375549999472e-06, 1.1993127253981876e-06, 1.201279979236582e-06, 1.1974700133432734e-06, 1.1928987370543677e-06, 1.2193965534988978e-06, 1.2161250059111701e-06, 1.2324463375055289e-06, 1.251782867469185e-06, 1.3029007876297138e-06, 1.3122600044997461e-06, 1.308284972816085e-06, 1.2846706833891913e-06, 1.3425985090977854e-06, 1.3121744945493895e-06, 1.3491009005970303e-06, 1.3530189525088236e-06, 1.3407285468403055e-06, 1.350839373015029e-06, 1.3589889460000965e-06, 1.3457995546990772e-06, 1.3568130548044947e-06, 1.3449506892391576e-06, 1.3501907604180548e-06, 1.3547117159666577e-06, 1.356000966578103e-06, 1.3905346800454453e-06, 1.4044319107081039e-06, 1.400596291256801e-06, 1.4146564072316823e-06, 1.411753010698558e-06, 1.4176713358844522e-06, 1.4165639218020477e-06, 1.4159601160000725e-06, 1.4051804497889102e-06, 1.3877847416032716e-06, 1.4262920962172814e-06, 1.4105792670679216e-06, 1.3868247176843192e-06, 1.4257436677158994e-06, 1.3878228920042565e-06, 1.3961372112205621e-06, 1.3935744873795906e-06, 1.3673110830727719e-06, 1.3740514408621389e-06, 1.36900484078059e-06, 1.3363044180636793e-06, 1.3383299963255193e-06, 1.3170634943219176e-06, 1.3268318207723767e-06, 1.3377651790877796e-06, 1.3206210999052367e-06, 1.305405690044895e-06, 1.303799155467595e-06, 1.2851737503966582e-06, 1.2935459497260194e-06, 1.2750352735079087e-06, 1.2574806280797253e-06, 1.2702492417258883e-06, 1.2564220870610837e-06, 1.268358522798448e-06, 1.2654201479192363e-06, 1.2624464174946824e-06, 1.2434381171075106e-06, 1.2322822490616042e-06, 1.232384867677468e-06, 1.2268344461994664e-06, 1.2224146246683423e-06, 1.210944009233421e-06], "top1": [0.89415, 0.9107, 0.93535, 0.942, 0.94595, 0.94865, 0.9517, 0.9551, 0.9576, 0.96005, 0.9606, 0.96225, 0.9626, 0.9633, 0.96385, 0.9641, 0.96465, 0.96505, 0.96545, 0.96565, 0.9662, 0.96635, 0.96645, 0.96675, 0.96695, 0.96695, 0.967, 0.9672, 0.9675, 0.96755, 0.9678, 0.96795, 0.968, 0.9682, 0.96835, 0.96865, 0.96865, 0.96885, 0.96885, 0.9692, 0.9695, 0.9698, 0.9698, 0.97005, 0.96985, 0.96985, 0.97005, 0.97, 0.9701, 0.9701, 0.96995, 0.97, 0.9703, 0.97025, 0.97025, 0.9703, 0.97045, 0.9707, 0.97085, 0.97085, 0.9709, 0.97085, 0.97075, 0.9709, 0.97105, 0.971, 0.9712, 0.97105, 0.9714, 0.9714, 0.9716, 0.97155, 0.97165, 0.9716, 0.97155, 0.97145, 0.97145, 0.9716, 0.97165, 0.972, 0.97165, 0.9717, 0.9718, 0.97195, 0.97185, 0.9718, 0.97215, 0.9719, 0.9718, 0.9721, 0.97205, 0.97205, 0.9723, 0.9723, 0.97235, 0.9724, 0.97235, 0.97235, 0.97235, 0.9723], "top5": [0.9229899999999092, 0.9366499999999156, 0.9500899999999248, 0.9540999999999286, 0.9566199999999307, 0.9585699999999326, 0.9608799999999353, 0.9627299999999388, 0.9641799999999412, 0.9655299999999432, 0.9662099999999441, 0.9668899999999451, 0.967309999999946, 0.9675999999999465, 0.9678399999999466, 0.9681999999999469, 0.9683599999999469, 0.968469999999947, 0.9688699999999477, 0.9691199999999477, 0.9696199999999481, 0.9698399999999483, 0.9699999999999487, 0.9702999999999491, 0.9704799999999494, 0.9706699999999495, 0.97083999999995, 0.9712199999999505, 0.9713699999999508, 0.971649999999951, 0.9717899999999511, 0.9719499999999515, 0.9720399999999514, 0.9722499999999514, 0.9724199999999524, 0.9726599999999529, 0.9728099999999528, 0.9728299999999527, 0.9729699999999529, 0.9730999999999532, 0.973189999999953, 0.9732499999999534, 0.9732999999999532, 0.9733099999999535, 0.9733199999999536, 0.9734099999999533, 0.9734399999999536, 0.9736899999999543, 0.9737999999999545, 0.9738899999999545, 0.9739999999999547, 0.9739999999999549, 0.9739999999999549, 0.9741399999999548, 0.9740899999999548, 0.9741999999999549, 0.9743399999999548, 0.974439999999955, 0.974489999999955, 0.9745799999999556, 0.9745899999999554, 0.9745999999999554, 0.9746099999999552, 0.9746599999999557, 0.9746799999999557, 0.9747699999999561, 0.9748399999999561, 0.9749099999999564, 0.9749099999999562, 0.9749199999999564, 0.9748499999999561, 0.9749799999999567, 0.9750599999999565, 0.9751899999999568, 0.9752199999999571, 0.975209999999957, 0.9752499999999571, 0.975289999999957, 0.9753199999999571, 0.9753499999999574, 0.9754499999999574, 0.9754799999999572, 0.9755299999999574, 0.9755999999999574, 0.9756299999999574, 0.9757399999999574, 0.9757399999999574, 0.9757799999999576, 0.9758999999999576, 0.9759299999999579, 0.9759599999999579, 0.9760799999999579, 0.9760799999999578, 0.9761299999999581, 0.9761799999999581, 0.9760399999999577, 0.976149999999958, 0.9761299999999578, 0.9762899999999581, 0.976269999999958], "top10": [0.9175999999999476, 0.9353349999999493, 0.9449299999999579, 0.9498849999999638, 0.9530999999999693, 0.9555249999999698, 0.9577899999999723, 0.959409999999976, 0.9603399999999783, 0.9611949999999783, 0.9616699999999788, 0.9621749999999789, 0.9626549999999795, 0.9631499999999809, 0.9635299999999807, 0.9637949999999817, 0.9639299999999823, 0.9641999999999827, 0.9644949999999828, 0.9647249999999838, 0.9650949999999844, 0.9653899999999838, 0.9655399999999842, 0.9657549999999839, 0.9659449999999846, 0.9662149999999843, 0.9665499999999844, 0.966774999999984, 0.9669749999999847, 0.9671649999999854, 0.9673699999999861, 0.9675249999999865, 0.9676049999999865, 0.9677899999999873, 0.9679549999999868, 0.9680499999999869, 0.9682499999999878, 0.9684099999999879, 0.9684899999999872, 0.9685949999999879, 0.9686999999999883, 0.968824999999989, 0.9687549999999883, 0.9688049999999879, 0.9688849999999879, 0.9690099999999882, 0.9690949999999884, 0.9692849999999886, 0.9693849999999893, 0.9694999999999893, 0.9696699999999897, 0.9696749999999896, 0.9696949999999895, 0.9697949999999899, 0.9698849999999902, 0.9699699999999906, 0.9700399999999907, 0.9700799999999908, 0.9700649999999911, 0.9700799999999914, 0.9701749999999918, 0.9702749999999918, 0.9703399999999921, 0.9703699999999923, 0.9704249999999923, 0.9704499999999929, 0.9705249999999934, 0.970464999999993, 0.9705849999999928, 0.9706299999999932, 0.9706049999999931, 0.9707299999999932, 0.9707299999999932, 0.9707799999999938, 0.9708149999999938, 0.9708449999999935, 0.9708949999999933, 0.970924999999994, 0.9709649999999942, 0.9710999999999945, 0.9710699999999948, 0.9711299999999943, 0.9711649999999945, 0.9712099999999942, 0.9712449999999939, 0.9712099999999944, 0.971259999999994, 0.9712849999999944, 0.9713099999999942, 0.9713299999999945, 0.9713699999999946, 0.9713749999999943, 0.971359999999994, 0.9713549999999946, 0.9714149999999947, 0.9714249999999948, 0.9715049999999945, 0.9715399999999942, 0.9715149999999944, 0.9715449999999944],